Date,Key_rate,Inflation,Money_M2,RUONIA
2026-02-27,15.5,0.73,127866,15.3
2026-02-26,15.5,0.73,127866,15.25
2026-02-25,15.5,0.73,127866,15.25
2026-02-24,15.5,0.73,127866,15.31
2026-02-20,15.5,0.73,127866,15.3
2026-02-19,15.5,0.73,127866,15.25
2026-02-18,15.5,0.73,127866,15.24
2026-02-17,15.5,0.73,127866,15.12
2026-02-16,15.5,0.73,127866,15.02
2026-02-13,16,0.73,127866,15.25
2026-02-12,16,0.73,127866,15.25
2026-02-11,16,0.73,127866,15.25
2026-02-10,16,0.73,127866,15.17
2026-02-09,16,0.73,127866,15.26
2026-02-06,16,0.73,127866,15.34
2026-02-05,16,0.73,127866,15.52
2026-02-04,16,0.73,127866,15.61
2026-02-03,16,0.73,127866,15.74
2026-02-02,16,0.73,127866,15.75
2026-01-30,16,1.62,129628.7,15.83
2026-01-29,16,1.62,129628.7,15.89
2026-01-28,16,1.62,129628.7,15.66
2026-01-27,16,1.62,129628.7,15.64
2026-01-26,16,1.62,129628.7,15.64
2026-01-23,16,1.62,129628.7,15.61
2026-01-22,16,1.62,129628.7,15.74
2026-01-21,16,1.62,129628.7,15.75
2026-01-20,16,1.62,129628.7,15.77
2026-01-19,16,1.62,129628.7,15.78
2026-01-16,16,1.62,129628.7,15.88
2026-01-15,16,1.62,129628.7,15.72
2026-01-14,16,1.62,129628.7,15.63
2026-01-13,16,1.62,129628.7,15.28
2026-01-12,16,1.62,129628.7,15.57
2025-12-29,16,0.32,124721.6,15.85
2025-12-26,16,0.32,124721.6,15.85
2025-12-25,16,0.32,124721.6,15.83
2025-12-24,16,0.32,124721.6,15.88
2025-12-23,16,0.32,124721.6,16.07
2025-12-22,16,0.32,124721.6,15.77
2025-12-19,16.5,0.32,124721.6,15.85
2025-12-18,16.5,0.32,124721.6,15.84
2025-12-17,16.5,0.32,124721.6,15.84
2025-12-16,16.5,0.32,124721.6,15.84
2025-12-15,16.5,0.32,124721.6,15.85
2025-12-12,16.5,0.32,124721.6,15.91
2025-12-11,16.5,0.32,124721.6,15.99
2025-12-10,16.5,0.32,124721.6,16.08
2025-12-09,16.5,0.32,124721.6,16.37
2025-12-08,16.5,0.32,124721.6,16.49
2025-12-05,16.5,0.32,124721.6,16.48
2025-12-04,16.5,0.32,124721.6,16.39
2025-12-03,16.5,0.32,124721.6,16.2
2025-12-02,16.5,0.32,124721.6,16.23
2025-12-01,16.5,0.32,124721.6,16.23
2025-11-28,16.5,0.42,123065.6,16.25
2025-11-27,16.5,0.42,123065.6,16.21
2025-11-26,16.5,0.42,123065.6,16.23
2025-11-25,16.5,0.42,123065.6,16.24
2025-11-24,16.5,0.42,123065.6,16.24
2025-11-21,16.5,0.42,123065.6,16.24
2025-11-20,16.5,0.42,123065.6,16.25
2025-11-19,16.5,0.42,123065.6,16.29
2025-11-18,16.5,0.42,123065.6,16.41
2025-11-17,16.5,0.42,123065.6,16.41
2025-11-14,16.5,0.42,123065.6,16.49
2025-11-13,16.5,0.42,123065.6,16.46
2025-11-12,16.5,0.42,123065.6,16.36
2025-11-11,16.5,0.42,123065.6,16.18
2025-11-10,16.5,0.42,123065.6,16.41
2025-11-07,16.5,0.42,123065.6,16.44
2025-11-06,16.5,0.42,123065.6,16.38
2025-11-05,16.5,0.42,123065.6,16.33
2025-11-01,16.5,0.42,123065.6,16.33
2025-10-31,16.5,0.5,121260.6,16.29
2025-10-30,16.5,0.5,121260.6,16.27
2025-10-29,16.5,0.5,121260.6,16.37
2025-10-28,16.5,0.5,121260.6,16.4
2025-10-27,16.5,0.5,121260.6,16.25
2025-10-24,17,0.5,121260.6,16.42
2025-10-23,17,0.5,121260.6,16.39
2025-10-22,17,0.5,121260.6,16.43
2025-10-21,17,0.5,121260.6,16.37
2025-10-20,17,0.5,121260.6,16.44
2025-10-17,17,0.5,121260.6,16.45
2025-10-16,17,0.5,121260.6,16.39
2025-10-15,17,0.5,121260.6,16.35
2025-10-14,17,0.5,121260.6,16.35
2025-10-13,17,0.5,121260.6,16.35
2025-10-10,17,0.5,121260.6,16.35
2025-10-09,17,0.5,121260.6,16.75
2025-10-08,17,0.5,121260.6,16.75
2025-10-07,17,0.5,121260.6,16.83
2025-10-06,17,0.5,121260.6,16.83
2025-10-03,17,0.5,121260.6,16.79
2025-10-02,17,0.5,121260.6,16.76
2025-10-01,17,0.5,121260.6,16.8
2025-09-30,17,0.34,121566.9,16.99
2025-09-29,17,0.34,121566.9,17
2025-09-26,17,0.34,121566.9,17
2025-09-25,17,0.34,121566.9,17
2025-09-24,17,0.34,121566.9,16.91
2025-09-23,17,0.34,121566.9,16.92
2025-09-22,17,0.34,121566.9,16.96
2025-09-19,17,0.34,121566.9,16.96
2025-09-18,17,0.34,121566.9,16.88
2025-09-17,17,0.34,121566.9,16.83
2025-09-16,17,0.34,121566.9,16.79
2025-09-15,17,0.34,121566.9,16.76
2025-09-12,18,0.34,121566.9,17.06
2025-09-11,18,0.34,121566.9,17.05
2025-09-10,18,0.34,121566.9,17.07
2025-09-09,18,0.34,121566.9,17.75
2025-09-08,18,0.34,121566.9,17.72
2025-09-05,18,0.34,121566.9,17.73
2025-09-04,18,0.34,121566.9,17.75
2025-09-03,18,0.34,121566.9,17.74
2025-09-02,18,0.34,121566.9,17.75
2025-09-01,18,0.34,121566.9,17.75
2025-08-29,18,-0.4,120037.2,17.75
2025-08-28,18,-0.4,120037.2,17.75
2025-08-27,18,-0.4,120037.2,17.72
2025-08-26,18,-0.4,120037.2,17.75
2025-08-25,18,-0.4,120037.2,17.74
2025-08-22,18,-0.4,120037.2,17.74
2025-08-21,18,-0.4,120037.2,17.76
2025-08-20,18,-0.4,120037.2,17.72
2025-08-19,18,-0.4,120037.2,17.74
2025-08-18,18,-0.4,120037.2,17.68
2025-08-15,18,-0.4,120037.2,17.81
2025-08-14,18,-0.4,120037.2,17.77
2025-08-13,18,-0.4,120037.2,17.73
2025-08-12,18,-0.4,120037.2,17.09
2025-08-11,18,-0.4,120037.2,17.59
2025-08-08,18,-0.4,120037.2,17.75
2025-08-07,18,-0.4,120037.2,17.77
2025-08-06,18,-0.4,120037.2,17.77
2025-08-05,18,-0.4,120037.2,17.75
2025-08-04,18,-0.4,120037.2,17.93
2025-08-01,18,-0.4,120037.2,18.09
2025-07-31,18,0.57,119094.7,18.23
2025-07-30,18,0.57,119094.7,18.5
2025-07-29,18,0.57,119094.7,18.58
2025-07-28,18,0.57,119094.7,18.48
2025-07-25,20,0.57,119094.7,19.12
2025-07-24,20,0.57,119094.7,19.11
2025-07-23,20,0.57,119094.7,19.1
2025-07-22,20,0.57,119094.7,19.1
2025-07-21,20,0.57,119094.7,19.1
2025-07-18,20,0.57,119094.7,19.13
2025-07-17,20,0.57,119094.7,19.21
2025-07-16,20,0.57,119094.7,19.17
2025-07-15,20,0.57,119094.7,19.24
2025-07-14,20,0.57,119094.7,19.22
2025-07-11,20,0.57,119094.7,19.25
2025-07-10,20,0.57,119094.7,19.37
2025-07-09,20,0.57,119094.7,19.66
2025-07-08,20,0.57,119094.7,19.95
2025-07-07,20,0.57,119094.7,20
2025-07-04,20,0.57,119094.7,20
2025-07-03,20,0.57,119094.7,19.99
2025-07-02,20,0.57,119094.7,20.06
2025-07-01,20,0.57,119094.7,19.96
2025-06-30,20,0.2,118219.1,20.23
2025-06-27,20,0.2,118219.1,19.86
2025-06-26,20,0.2,118219.1,19.71
2025-06-25,20,0.2,118219.1,19.73
2025-06-24,20,0.2,118219.1,19.73
2025-06-23,20,0.2,118219.1,19.72
2025-06-20,20,0.2,118219.1,19.73
2025-06-19,20,0.2,118219.1,19.73
2025-06-18,20,0.2,118219.1,19.81
2025-06-17,20,0.2,118219.1,19.79
2025-06-16,20,0.2,118219.1,19.75
2025-06-11,20,0.2,118219.1,19.88
2025-06-10,20,0.2,118219.1,19.8
2025-06-09,20,0.2,118219.1,19.72
2025-06-06,21,0.2,118219.1,20.6
2025-06-05,21,0.2,118219.1,20.79
2025-06-04,21,0.2,118219.1,20.79
2025-06-03,21,0.2,118219.1,21.11
2025-06-02,21,0.2,118219.1,21.08
2025-05-30,21,0.43,117537.1,21.03
2025-05-29,21,0.43,117537.1,20.77
2025-05-28,21,0.43,117537.1,20.89
2025-05-27,21,0.43,117537.1,20.75
2025-05-26,21,0.43,117537.1,20.71
2025-05-23,21,0.43,117537.1,20.79
2025-05-22,21,0.43,117537.1,20.83
2025-05-21,21,0.43,117537.1,20.86
2025-05-20,21,0.43,117537.1,20.87
2025-05-19,21,0.43,117537.1,20.9
2025-05-16,21,0.43,117537.1,20.92
2025-05-15,21,0.43,117537.1,20.93
2025-05-14,21,0.43,117537.1,20.87
2025-05-13,21,0.43,117537.1,20.67
2025-05-12,21,0.43,117537.1,20.67
2025-05-07,21,0.43,117537.1,20.67
2025-05-06,21,0.43,117537.1,20.57
2025-05-05,21,0.43,117537.1,20.65
2025-04-30,21,0.4,116499,20.74
2025-04-29,21,0.4,116499,20.72
2025-04-28,21,0.4,116499,20.62
2025-04-25,21,0.4,116499,20.77
2025-04-24,21,0.4,116499,20.77
2025-04-23,21,0.4,116499,20.69
2025-04-22,21,0.4,116499,20.65
2025-04-21,21,0.4,116499,20.67
2025-04-18,21,0.4,116499,20.65
2025-04-17,21,0.4,116499,20.66
2025-04-16,21,0.4,116499,20.97
2025-04-15,21,0.4,116499,21.28
2025-04-14,21,0.4,116499,21.5
2025-04-11,21,0.4,116499,21.54
2025-04-10,21,0.4,116499,21.53
2025-04-09,21,0.4,116499,21.5
2025-04-08,21,0.4,116499,21.29
2025-04-07,21,0.4,116499,21.66
2025-04-04,21,0.4,116499,21.55
2025-04-03,21,0.4,116499,21.55
2025-04-02,21,0.4,116499,21.54
2025-04-01,21,0.4,116499,21.49
2025-03-31,21,0.65,117697.6,21.45
2025-03-28,21,0.65,117697.6,21.06
2025-03-27,21,0.65,117697.6,21.47
2025-03-26,21,0.65,117697.6,21.53
2025-03-25,21,0.65,117697.6,21.54
2025-03-24,21,0.65,117697.6,21.58
2025-03-21,21,0.65,117697.6,21.48
2025-03-20,21,0.65,117697.6,21.45
2025-03-19,21,0.65,117697.6,21.45
2025-03-18,21,0.65,117697.6,21.4
2025-03-17,21,0.65,117697.6,21.41
2025-03-14,21,0.65,117697.6,21.5
2025-03-13,21,0.65,117697.6,21.18
2025-03-12,21,0.65,117697.6,21.21
2025-03-11,21,0.65,117697.6,21.16
2025-03-10,21,0.65,117697.6,21.45
2025-03-07,21,0.65,117697.6,21.4
2025-03-06,21,0.65,117697.6,21.37
2025-03-05,21,0.65,117697.6,21.29
2025-03-04,21,0.65,117697.6,21.24
2025-03-03,21,0.65,117697.6,21.14
2025-02-28,21,0.81,116577.8,21.17
2025-02-27,21,0.81,116577.8,21.16
2025-02-26,21,0.81,116577.8,21.17
2025-02-25,21,0.81,116577.8,21.16
2025-02-24,21,0.81,116577.8,21.07
2025-02-21,21,0.81,116577.8,21.12
2025-02-20,21,0.81,116577.8,21
2025-02-19,21,0.81,116577.8,20.97
2025-02-18,21,0.81,116577.8,20.97
2025-02-17,21,0.81,116577.8,20.97
2025-02-14,21,0.81,116577.8,20.98
2025-02-13,21,0.81,116577.8,20.85
2025-02-12,21,0.81,116577.8,20.76
2025-02-11,21,0.81,116577.8,21.14
2025-02-10,21,0.81,116577.8,20.43
2025-02-07,21,0.81,116577.8,20.26
2025-02-06,21,0.81,116577.8,20.26
2025-02-05,21,0.81,116577.8,20.26
2025-02-04,21,0.81,116577.8,20.26
2025-02-03,21,0.81,116577.8,20.56
2025-01-31,21,1.23,117256.4,20.76
2025-01-30,21,1.23,117256.4,20.68
2025-01-29,21,1.23,117256.4,20.68
2025-01-28,21,1.23,117256.4,20.72
2025-01-27,21,1.23,117256.4,20.71
2025-01-24,21,1.23,117256.4,20.73
2025-01-23,21,1.23,117256.4,20.73
2025-01-22,21,1.23,117256.4,20.84
2025-01-21,21,1.23,117256.4,21.18
2025-01-20,21,1.23,117256.4,21.08
2025-01-17,21,1.23,117256.4,21.06
2025-01-16,21,1.23,117256.4,20.85
2025-01-15,21,1.23,117256.4,20.74
2025-01-14,21,1.23,117256.4,21
2025-01-13,21,1.23,117256.4,20.49
2025-01-10,21,1.23,117256.4,20.62
2025-01-09,21,1.23,117256.4,21
2024-12-27,21,1.32,111025.2,20.47
2024-12-26,21,1.32,111025.2,20.5
2024-12-25,21,1.32,111025.2,20.5
2024-12-24,21,1.32,111025.2,20.48
2024-12-23,21,1.32,111025.2,20.52
2024-12-20,21,1.32,111025.2,20.99
2024-12-19,21,1.32,111025.2,21.97
2024-12-18,21,1.32,111025.2,21.98
2024-12-17,21,1.32,111025.2,22.08
2024-12-16,21,1.32,111025.2,22.02
2024-12-13,21,1.32,111025.2,21.96
2024-12-12,21,1.32,111025.2,21.8
2024-12-11,21,1.32,111025.2,21.31
2024-12-10,21,1.32,111025.2,20.64
2024-12-09,21,1.32,111025.2,20.44
2024-12-06,21,1.32,111025.2,20.73
2024-12-05,21,1.32,111025.2,20.98
2024-12-04,21,1.32,111025.2,20.97
2024-12-03,21,1.32,111025.2,20.96
2024-12-02,21,1.32,111025.2,21.22
2024-11-29,21,1.43,108947.9,21.09
2024-11-28,21,1.43,108947.9,20.87
2024-11-27,21,1.43,108947.9,20.64
2024-11-26,21,1.43,108947.9,20.5
2024-11-25,21,1.43,108947.9,20.44
2024-11-22,21,1.43,108947.9,20.63
2024-11-21,21,1.43,108947.9,20.52
2024-11-20,21,1.43,108947.9,20.69
2024-11-19,21,1.43,108947.9,20.65
2024-11-18,21,1.43,108947.9,20.75
2024-11-15,21,1.43,108947.9,20.78
2024-11-14,21,1.43,108947.9,20.7
2024-11-13,21,1.43,108947.9,20.85
2024-11-12,21,1.43,108947.9,21.09
2024-11-11,21,1.43,108947.9,20.82
2024-11-08,21,1.43,108947.9,20.49
2024-11-07,21,1.43,108947.9,20.3
2024-11-06,21,1.43,108947.9,20.27
2024-11-05,21,1.43,108947.9,20.29
2024-11-02,21,1.43,108947.9,20.4
2024-11-01,21,1.43,108947.9,20.37
2024-10-31,21,0.75,107634.8,20.57
2024-10-30,21,0.75,107634.8,20.42
2024-10-29,21,0.75,107634.8,20.54
2024-10-28,21,0.75,107634.8,20.49
2024-10-25,19,0.75,107634.8,18.72
2024-10-24,19,0.75,107634.8,18.64
2024-10-23,19,0.75,107634.8,18.71
2024-10-22,19,0.75,107634.8,18.66
2024-10-21,19,0.75,107634.8,18.64
2024-10-18,19,0.75,107634.8,18.75
2024-10-17,19,0.75,107634.8,18.8
2024-10-16,19,0.75,107634.8,18.52
2024-10-15,19,0.75,107634.8,18.61
2024-10-14,19,0.75,107634.8,18.61
2024-10-11,19,0.75,107634.8,18.62
2024-10-10,19,0.75,107634.8,18.65
2024-10-09,19,0.75,107634.8,18.56
2024-10-08,19,0.75,107634.8,18.79
2024-10-07,19,0.75,107634.8,18.25
2024-10-04,19,0.75,107634.8,18.27
2024-10-03,19,0.75,107634.8,18.28
2024-10-02,19,0.75,107634.8,18.35
2024-10-01,19,0.75,107634.8,18.3
2024-09-30,19,0.48,106242.7,18.41
2024-09-27,19,0.48,106242.7,18.33
2024-09-26,19,0.48,106242.7,18.37
2024-09-25,19,0.48,106242.7,18.35
2024-09-24,19,0.48,106242.7,18.47
2024-09-23,19,0.48,106242.7,18.49
2024-09-20,19,0.48,106242.7,18.48
2024-09-19,19,0.48,106242.7,18.48
2024-09-18,19,0.48,106242.7,18.51
2024-09-17,19,0.48,106242.7,18.65
2024-09-16,19,0.48,106242.7,19.04
2024-09-13,18,0.48,106242.7,18.47
2024-09-12,18,0.48,106242.7,18.41
2024-09-11,18,0.48,106242.7,18.15
2024-09-10,18,0.48,106242.7,17.56
2024-09-09,18,0.48,106242.7,17.91
2024-09-06,18,0.48,106242.7,18.38
2024-09-05,18,0.48,106242.7,18.46
2024-09-04,18,0.48,106242.7,18.39
2024-09-03,18,0.48,106242.7,18.29
2024-09-02,18,0.48,106242.7,18.6
2024-08-30,18,0.2,104351.3,18.98
2024-08-29,18,0.2,104351.3,18.45
2024-08-28,18,0.2,104351.3,18
2024-08-27,18,0.2,104351.3,18.25
2024-08-26,18,0.2,104351.3,18.22
2024-08-23,18,0.2,104351.3,18.16
2024-08-22,18,0.2,104351.3,17.95
2024-08-21,18,0.2,104351.3,17.67
2024-08-20,18,0.2,104351.3,17.62
2024-08-19,18,0.2,104351.3,17.59
2024-08-16,18,0.2,104351.3,17.65
2024-08-15,18,0.2,104351.3,17.67
2024-08-14,18,0.2,104351.3,17.65
2024-08-13,18,0.2,104351.3,18.1
2024-08-12,18,0.2,104351.3,17.95
2024-08-09,18,0.2,104351.3,17.25
2024-08-08,18,0.2,104351.3,17.23
2024-08-07,18,0.2,104351.3,17.22
2024-08-06,18,0.2,104351.3,17.14
2024-08-05,18,0.2,104351.3,17.17
2024-08-02,18,0.2,104351.3,17.22
2024-08-01,18,0.2,104351.3,17.21
2024-07-31,18,1.14,103557.2,17.28
2024-07-30,18,1.14,103557.2,17.29
2024-07-29,18,1.14,103557.2,17.27
2024-07-26,16,1.14,103557.2,15.55
2024-07-25,16,1.14,103557.2,15.34
2024-07-24,16,1.14,103557.2,15.29
2024-07-23,16,1.14,103557.2,15.44
2024-07-22,16,1.14,103557.2,15.59
2024-07-19,16,1.14,103557.2,15.88
2024-07-18,16,1.14,103557.2,16.08
2024-07-17,16,1.14,103557.2,16.2
2024-07-16,16,1.14,103557.2,16.29
2024-07-15,16,1.14,103557.2,16.18
2024-07-12,16,1.14,103557.2,16.47
2024-07-11,16,1.14,103557.2,16.46
2024-07-10,16,1.14,103557.2,16.27
2024-07-09,16,1.14,103557.2,15.92
2024-07-08,16,1.14,103557.2,15.59
2024-07-05,16,1.14,103557.2,16
2024-07-04,16,1.14,103557.2,16
2024-07-03,16,1.14,103557.2,16.14
2024-07-02,16,1.14,103557.2,16.04
2024-07-01,16,1.14,103557.2,16.04
2024-06-28,16,0.64,102519.1,15.66
2024-06-27,16,0.64,102519.1,15.51
2024-06-26,16,0.64,102519.1,15.6
2024-06-25,16,0.64,102519.1,15.51
2024-06-24,16,0.64,102519.1,15.32
2024-06-21,16,0.64,102519.1,15.25
2024-06-20,16,0.64,102519.1,15.33
2024-06-19,16,0.64,102519.1,15.37
2024-06-18,16,0.64,102519.1,15.51
2024-06-17,16,0.64,102519.1,15.6
2024-06-14,16,0.64,102519.1,15.64
2024-06-13,16,0.64,102519.1,15.7
2024-06-11,16,0.64,102519.1,15.6
2024-06-10,16,0.64,102519.1,15.85
2024-06-07,16,0.64,102519.1,16
2024-06-06,16,0.64,102519.1,16.12
2024-06-05,16,0.64,102519.1,16
2024-06-04,16,0.64,102519.1,15.83
2024-06-03,16,0.64,102519.1,15.97
2024-05-31,16,0.74,103107.4,16.14
2024-05-30,16,0.74,103107.4,15.95
2024-05-29,16,0.74,103107.4,15.86
2024-05-28,16,0.74,103107.4,15.89
2024-05-27,16,0.74,103107.4,15.8
2024-05-24,16,0.74,103107.4,15.84
2024-05-23,16,0.74,103107.4,15.85
2024-05-22,16,0.74,103107.4,15.85
2024-05-21,16,0.74,103107.4,15.85
2024-05-20,16,0.74,103107.4,15.85
2024-05-17,16,0.74,103107.4,15.85
2024-05-16,16,0.74,103107.4,15.9
2024-05-15,16,0.74,103107.4,16
2024-05-14,16,0.74,103107.4,16.1
2024-05-13,16,0.74,103107.4,16.21
2024-05-08,16,0.74,103107.4,16.01
2024-05-07,16,0.74,103107.4,16.14
2024-05-06,16,0.74,103107.4,16.18
2024-05-03,16,0.74,103107.4,15.95
2024-05-02,16,0.74,103107.4,15.73
2024-04-27,16,0.5,99595.8,15.86
2024-04-26,16,0.5,99595.8,15.7
2024-04-25,16,0.5,99595.8,15.59
2024-04-24,16,0.5,99595.8,15.6
2024-04-23,16,0.5,99595.8,15.73
2024-04-22,16,0.5,99595.8,15.69
2024-04-19,16,0.5,99595.8,15.73
2024-04-18,16,0.5,99595.8,15.72
2024-04-17,16,0.5,99595.8,15.72
2024-04-16,16,0.5,99595.8,15.74
2024-04-15,16,0.5,99595.8,15.7
2024-04-12,16,0.5,99595.8,15.73
2024-04-11,16,0.5,99595.8,15.64
2024-04-10,16,0.5,99595.8,15.61
2024-04-09,16,0.5,99595.8,15.9
2024-04-08,16,0.5,99595.8,15.86
2024-04-05,16,0.5,99595.8,15.72
2024-04-04,16,0.5,99595.8,15.67
2024-04-03,16,0.5,99595.8,15.7
2024-04-02,16,0.5,99595.8,15.49
2024-04-01,16,0.5,99595.8,15.63
2024-03-29,16,0.39,99422,15.99
2024-03-28,16,0.39,99422,15.42
2024-03-27,16,0.39,99422,15.25
2024-03-26,16,0.39,99422,15.5
2024-03-25,16,0.39,99422,15.29
2024-03-22,16,0.39,99422,15.35
2024-03-21,16,0.39,99422,15.54
2024-03-20,16,0.39,99422,15.7
2024-03-19,16,0.39,99422,15.68
2024-03-18,16,0.39,99422,15.72
2024-03-15,16,0.39,99422,15.74
2024-03-14,16,0.39,99422,15.75
2024-03-13,16,0.39,99422,15.75
2024-03-12,16,0.39,99422,16
2024-03-11,16,0.39,99422,15.89
2024-03-07,16,0.39,99422,15.67
2024-03-06,16,0.39,99422,15.4
2024-03-05,16,0.39,99422,15.34
2024-03-04,16,0.39,99422,15.46
2024-03-01,16,0.39,99422,15.44
2024-02-29,16,0.68,97816.7,15.75
2024-02-28,16,0.68,97816.7,15.7
2024-02-27,16,0.68,97816.7,15.71
2024-02-26,16,0.68,97816.7,15.74
2024-02-22,16,0.68,97816.7,15.75
2024-02-21,16,0.68,97816.7,15.75
2024-02-20,16,0.68,97816.7,15.75
2024-02-19,16,0.68,97816.7,15.74
2024-02-16,16,0.68,97816.7,15.74
2024-02-15,16,0.68,97816.7,15.75
2024-02-14,16,0.68,97816.7,15.79
2024-02-13,16,0.68,97816.7,15.84
2024-02-12,16,0.68,97816.7,16
2024-02-09,16,0.68,97816.7,15.94
2024-02-08,16,0.68,97816.7,15.87
2024-02-07,16,0.68,97816.7,15.96
2024-02-06,16,0.68,97816.7,16
2024-02-05,16,0.68,97816.7,16
2024-02-02,16,0.68,97816.7,15.97
2024-02-01,16,0.68,97816.7,15.82
2024-01-31,16,0.86,98385.4,16
2024-01-30,16,0.86,98385.4,16.01
2024-01-29,16,0.86,98385.4,16
2024-01-26,16,0.86,98385.4,15.74
2024-01-25,16,0.86,98385.4,16
2024-01-24,16,0.86,98385.4,15.98
2024-01-23,16,0.86,98385.4,15.98
2024-01-22,16,0.86,98385.4,15.83
2024-01-19,16,0.86,98385.4,15.8
2024-01-18,16,0.86,98385.4,15.62
2024-01-17,16,0.86,98385.4,15.59
2024-01-16,16,0.86,98385.4,15.56
2024-01-15,16,0.86,98385.4,15.42
2024-01-12,16,0.86,98385.4,15.15
2024-01-11,16,0.86,98385.4,15.2
2024-01-10,16,0.86,98385.4,15.34
2024-01-09,16,0.86,98385.4,15.59
2023-12-28,16,0.73,92546.9,15.27
2023-12-27,16,0.73,92546.9,15.25
2023-12-26,16,0.73,92546.9,15.25
2023-12-25,16,0.73,92546.9,15.3
2023-12-22,16,0.73,92546.9,15.3
2023-12-21,16,0.73,92546.9,15.34
2023-12-20,16,0.73,92546.9,15.53
2023-12-19,16,0.73,92546.9,15.5
2023-12-18,16,0.73,92546.9,15.71
2023-12-15,15,0.73,92546.9,15.73
2023-12-14,15,0.73,92546.9,15.39
2023-12-13,15,0.73,92546.9,15.16
2023-12-12,15,0.73,92546.9,15
2023-12-11,15,0.73,92546.9,14.98
2023-12-08,15,0.73,92546.9,14.49
2023-12-07,15,0.73,92546.9,14.52
2023-12-06,15,0.73,92546.9,14.55
2023-12-05,15,0.73,92546.9,14.7
2023-12-04,15,0.73,92546.9,14.78
2023-12-01,15,0.73,92546.9,14.9
2023-11-30,15,1.11,91134.7,14.91
2023-11-29,15,1.11,91134.7,15.06
2023-11-28,15,1.11,91134.7,15.2
2023-11-27,15,1.11,91134.7,15.17
2023-11-24,15,1.11,91134.7,15.19
2023-11-23,15,1.11,91134.7,15.02
2023-11-22,15,1.11,91134.7,15.17
2023-11-21,15,1.11,91134.7,15.08
2023-11-20,15,1.11,91134.7,15.02
2023-11-17,15,1.11,91134.7,15.03
2023-11-16,15,1.11,91134.7,15.01
2023-11-15,15,1.11,91134.7,14.73
2023-11-14,15,1.11,91134.7,14.92
2023-11-13,15,1.11,91134.7,14.8
2023-11-10,15,1.11,91134.7,14.63
2023-11-09,15,1.11,91134.7,14.41
2023-11-08,15,1.11,91134.7,14.25
2023-11-07,15,1.11,91134.7,14.18
2023-11-03,15,1.11,91134.7,14.23
2023-11-02,15,1.11,91134.7,14.31
2023-11-01,15,1.11,91134.7,14.43
2023-10-31,15,0.83,90597.3,14.5
2023-10-30,15,0.83,90597.3,14.75
2023-10-27,13,0.83,90597.3,12.67
2023-10-26,13,0.83,90597.3,12.68
2023-10-25,13,0.83,90597.3,12.87
2023-10-24,13,0.83,90597.3,13.11
2023-10-23,13,0.83,90597.3,13.11
2023-10-20,13,0.83,90597.3,13.14
2023-10-19,13,0.83,90597.3,13.17
2023-10-18,13,0.83,90597.3,13.2
2023-10-17,13,0.83,90597.3,13.17
2023-10-16,13,0.83,90597.3,13.19
2023-10-13,13,0.83,90597.3,13.15
2023-10-12,13,0.83,90597.3,13
2023-10-11,13,0.83,90597.3,12.69
2023-10-10,13,0.83,90597.3,13.06
2023-10-09,13,0.83,90597.3,12.99
2023-10-06,13,0.83,90597.3,12.43
2023-10-05,13,0.83,90597.3,12.48
2023-10-04,13,0.83,90597.3,12.43
2023-10-03,13,0.83,90597.3,12.44
2023-10-02,13,0.83,90597.3,12.49
2023-09-29,13,0.87,90110.9,12.43
2023-09-28,13,0.87,90110.9,12.38
2023-09-27,13,0.87,90110.9,12.47
2023-09-26,13,0.87,90110.9,12.39
2023-09-25,13,0.87,90110.9,12.39
2023-09-22,13,0.87,90110.9,12.45
2023-09-21,13,0.87,90110.9,12.45
2023-09-20,13,0.87,90110.9,12.44
2023-09-19,13,0.87,90110.9,12.55
2023-09-18,13,0.87,90110.9,12.7
2023-09-15,12,0.87,90110.9,12.41
2023-09-14,12,0.87,90110.9,12.2
2023-09-13,12,0.87,90110.9,11.99
2023-09-12,12,0.87,90110.9,12.01
2023-09-11,12,0.87,90110.9,11.95
2023-09-08,12,0.87,90110.9,11.92
2023-09-07,12,0.87,90110.9,11.96
2023-09-06,12,0.87,90110.9,11.91
2023-09-05,12,0.87,90110.9,11.96
2023-09-04,12,0.87,90110.9,11.94
2023-09-01,12,0.87,90110.9,11.9
2023-08-31,12,0.28,88294,11.84
2023-08-30,12,0.28,88294,11.92
2023-08-29,12,0.28,88294,11.92
2023-08-28,12,0.28,88294,11.91
2023-08-25,12,0.28,88294,11.9
2023-08-24,12,0.28,88294,11.91
2023-08-23,12,0.28,88294,11.86
2023-08-22,12,0.28,88294,11.89
2023-08-21,12,0.28,88294,11.86
2023-08-18,12,0.28,88294,11.81
2023-08-17,12,0.28,88294,11.88
2023-08-16,12,0.28,88294,11.77
2023-08-15,12,0.28,88294,11.69
2023-08-14,8.5,0.28,88294,8.51
2023-08-11,8.5,0.28,88294,8.33
2023-08-10,8.5,0.28,88294,8.35
2023-08-09,8.5,0.28,88294,8.35
2023-08-08,8.5,0.28,88294,8.48
2023-08-07,8.5,0.28,88294,8.21
2023-08-04,8.5,0.28,88294,8.17
2023-08-03,8.5,0.28,88294,8.29
2023-08-02,8.5,0.28,88294,8.49
2023-08-01,8.5,0.28,88294,8.47
2023-07-31,8.5,0.63,87276.8,8.42
2023-07-28,8.5,0.63,87276.8,8.38
2023-07-27,8.5,0.63,87276.8,8.4
2023-07-26,8.5,0.63,87276.8,8.25
2023-07-25,8.5,0.63,87276.8,8.16
2023-07-24,8.5,0.63,87276.8,8.25
2023-07-21,7.5,0.63,87276.8,8.04
2023-07-20,7.5,0.63,87276.8,7.99
2023-07-19,7.5,0.63,87276.8,7.96
2023-07-18,7.5,0.63,87276.8,7.78
2023-07-17,7.5,0.63,87276.8,8.09
2023-07-14,7.5,0.63,87276.8,7.8
2023-07-13,7.5,0.63,87276.8,7.66
2023-07-12,7.5,0.63,87276.8,7.56
2023-07-11,7.5,0.63,87276.8,7.58
2023-07-10,7.5,0.63,87276.8,7.4
2023-07-07,7.5,0.63,87276.8,7.35
2023-07-06,7.5,0.63,87276.8,7.37
2023-07-05,7.5,0.63,87276.8,7.31
2023-07-04,7.5,0.63,87276.8,7.35
2023-07-03,7.5,0.63,87276.8,7.34
2023-06-30,7.5,0.37,86197.3,7.45
2023-06-29,7.5,0.37,86197.3,7.41
2023-06-28,7.5,0.37,86197.3,7.26
2023-06-27,7.5,0.37,86197.3,7.14
2023-06-26,7.5,0.37,86197.3,7.15
2023-06-23,7.5,0.37,86197.3,7.13
2023-06-22,7.5,0.37,86197.3,7.15
2023-06-21,7.5,0.37,86197.3,7.25
2023-06-20,7.5,0.37,86197.3,7.22
2023-06-19,7.5,0.37,86197.3,7.25
2023-06-16,7.5,0.37,86197.3,7.3
2023-06-15,7.5,0.37,86197.3,7.35
2023-06-14,7.5,0.37,86197.3,7.34
2023-06-13,7.5,0.37,86197.3,7.49
2023-06-09,7.5,0.37,86197.3,7.28
2023-06-08,7.5,0.37,86197.3,7.31
2023-06-07,7.5,0.37,86197.3,7.39
2023-06-06,7.5,0.37,86197.3,7.32
2023-06-05,7.5,0.37,86197.3,7.36
2023-06-02,7.5,0.37,86197.3,7.33
2023-06-01,7.5,0.37,86197.3,7.27
2023-05-31,7.5,0.31,84636,7.37
2023-05-30,7.5,0.31,84636,7.32
2023-05-29,7.5,0.31,84636,7.3
2023-05-26,7.5,0.31,84636,7.32
2023-05-25,7.5,0.31,84636,7.22
2023-05-24,7.5,0.31,84636,7.31
2023-05-23,7.5,0.31,84636,7.23
2023-05-22,7.5,0.31,84636,7.31
2023-05-19,7.5,0.31,84636,7.3
2023-05-18,7.5,0.31,84636,7.3
2023-05-17,7.5,0.31,84636,7.28
2023-05-16,7.5,0.31,84636,7.38
2023-05-15,7.5,0.31,84636,7.39
2023-05-12,7.5,0.31,84636,6.83
2023-05-11,7.5,0.31,84636,6.95
2023-05-10,7.5,0.31,84636,6.96
2023-05-05,7.5,0.31,84636,6.91
2023-05-04,7.5,0.31,84636,7
2023-05-03,7.5,0.31,84636,7.11
2023-05-02,7.5,0.31,84636,7.44
2023-04-28,7.5,0.38,84813.1,7.53
2023-04-27,7.5,0.38,84813.1,6.78
2023-04-26,7.5,0.38,84813.1,6.81
2023-04-25,7.5,0.38,84813.1,6.97
2023-04-24,7.5,0.38,84813.1,6.98
2023-04-21,7.5,0.38,84813.1,7.21
2023-04-20,7.5,0.38,84813.1,7.26
2023-04-19,7.5,0.38,84813.1,7.32
2023-04-18,7.5,0.38,84813.1,7.45
2023-04-17,7.5,0.38,84813.1,7.38
2023-04-14,7.5,0.38,84813.1,7.35
2023-04-13,7.5,0.38,84813.1,7.19
2023-04-12,7.5,0.38,84813.1,7.18
2023-04-11,7.5,0.38,84813.1,7.3
2023-04-10,7.5,0.38,84813.1,7.08
2023-04-07,7.5,0.38,84813.1,7.14
2023-04-06,7.5,0.38,84813.1,6.92
2023-04-05,7.5,0.38,84813.1,6.98
2023-04-04,7.5,0.38,84813.1,6.98
2023-04-03,7.5,0.38,84813.1,7.18
2023-03-31,7.5,0.37,83955.9,7.25
2023-03-30,7.5,0.37,83955.9,7.34
2023-03-29,7.5,0.37,83955.9,7.43
2023-03-28,7.5,0.37,83955.9,7.35
2023-03-27,7.5,0.37,83955.9,7.11
2023-03-24,7.5,0.37,83955.9,7.06
2023-03-23,7.5,0.37,83955.9,7.11
2023-03-22,7.5,0.37,83955.9,7.27
2023-03-21,7.5,0.37,83955.9,7.26
2023-03-20,7.5,0.37,83955.9,7.25
2023-03-17,7.5,0.37,83955.9,7.28
2023-03-16,7.5,0.37,83955.9,7.29
2023-03-15,7.5,0.37,83955.9,7.29
2023-03-14,7.5,0.37,83955.9,7.14
2023-03-13,7.5,0.37,83955.9,7.02
2023-03-10,7.5,0.37,83955.9,7.35
2023-03-09,7.5,0.37,83955.9,7.59
2023-03-07,7.5,0.37,83955.9,7.61
2023-03-06,7.5,0.37,83955.9,7.6
2023-03-03,7.5,0.37,83955.9,7.65
2023-03-02,7.5,0.37,83955.9,7.61
2023-03-01,7.5,0.37,83955.9,7.6
2023-02-28,7.5,0.46,82221.7,7.51
2023-02-27,7.5,0.46,82221.7,7.46
2023-02-22,7.5,0.46,82221.7,7.49
2023-02-21,7.5,0.46,82221.7,7.4
2023-02-20,7.5,0.46,82221.7,7.31
2023-02-17,7.5,0.46,82221.7,7.27
2023-02-16,7.5,0.46,82221.7,7.18
2023-02-15,7.5,0.46,82221.7,7.1
2023-02-14,7.5,0.46,82221.7,7.26
2023-02-13,7.5,0.46,82221.7,6.83
2023-02-10,7.5,0.46,82221.7,6.89
2023-02-09,7.5,0.46,82221.7,6.89
2023-02-08,7.5,0.46,82221.7,6.9
2023-02-07,7.5,0.46,82221.7,6.89
2023-02-06,7.5,0.46,82221.7,6.97
2023-02-03,7.5,0.46,82221.7,7
2023-02-02,7.5,0.46,82221.7,7.01
2023-02-01,7.5,0.46,82221.7,7.07
2023-01-31,7.5,0.84,82388,7.11
2023-01-30,7.5,0.84,82388,7
2023-01-27,7.5,0.84,82388,7
2023-01-26,7.5,0.84,82388,6.97
2023-01-25,7.5,0.84,82388,6.99
2023-01-24,7.5,0.84,82388,6.97
2023-01-23,7.5,0.84,82388,6.99
2023-01-20,7.5,0.84,82388,6.94
2023-01-19,7.5,0.84,82388,6.96
2023-01-18,7.5,0.84,82388,6.99
2023-01-17,7.5,0.84,82388,6.96
2023-01-16,7.5,0.84,82388,6.87
2023-01-13,7.5,0.84,82388,6.75
2023-01-12,7.5,0.84,82388,6.94
2023-01-11,7.5,0.84,82388,7.01
2023-01-10,7.5,0.84,82388,7.21
2023-01-09,7.5,0.84,82388,7.34
2022-12-29,7.5,0.78,76872.2,7.37
2022-12-28,7.5,0.78,76872.2,7.36
2022-12-27,7.5,0.78,76872.2,7.32
2022-12-26,7.5,0.78,76872.2,7.39
2022-12-23,7.5,0.78,76872.2,7.35
2022-12-22,7.5,0.78,76872.2,7.36
2022-12-21,7.5,0.78,76872.2,7.41
2022-12-20,7.5,0.78,76872.2,7.42
2022-12-19,7.5,0.78,76872.2,7.38
2022-12-16,7.5,0.78,76872.2,7.43
2022-12-15,7.5,0.78,76872.2,7.24
2022-12-14,7.5,0.78,76872.2,7.23
2022-12-13,7.5,0.78,76872.2,7.22
2022-12-12,7.5,0.78,76872.2,7.24
2022-12-09,7.5,0.78,76872.2,7.3
2022-12-08,7.5,0.78,76872.2,7.28
2022-12-07,7.5,0.78,76872.2,7.26
2022-12-06,7.5,0.78,76872.2,7.21
2022-12-05,7.5,0.78,76872.2,7.29
2022-12-02,7.5,0.78,76872.2,7.42
2022-12-01,7.5,0.78,76872.2,7.22
2022-11-30,7.5,0.37,75636.5,7.18
2022-11-29,7.5,0.37,75636.5,7.14
2022-11-28,7.5,0.37,75636.5,7.06
2022-11-25,7.5,0.37,75636.5,7.03
2022-11-24,7.5,0.37,75636.5,6.82
2022-11-23,7.5,0.37,75636.5,6.92
2022-11-22,7.5,0.37,75636.5,7.25
2022-11-21,7.5,0.37,75636.5,7.42
2022-11-18,7.5,0.37,75636.5,7.54
2022-11-17,7.5,0.37,75636.5,7.55
2022-11-16,7.5,0.37,75636.5,7.54
2022-11-15,7.5,0.37,75636.5,7.09
2022-11-14,7.5,0.37,75636.5,6.95
2022-11-11,7.5,0.37,75636.5,7.09
2022-11-10,7.5,0.37,75636.5,7.58
2022-11-09,7.5,0.37,75636.5,7.68
2022-11-08,7.5,0.37,75636.5,7.6
2022-11-07,7.5,0.37,75636.5,7.63
2022-11-03,7.5,0.37,75636.5,7.68
2022-11-02,7.5,0.37,75636.5,7.65
2022-11-01,7.5,0.37,75636.5,7.6
2022-10-31,7.5,0.18,75096.8,7.54
2022-10-28,7.5,0.18,75096.8,7.64
2022-10-27,7.5,0.18,75096.8,7.62
2022-10-26,7.5,0.18,75096.8,7.65
2022-10-25,7.5,0.18,75096.8,7.7
2022-10-24,7.5,0.18,75096.8,7.69
2022-10-21,7.5,0.18,75096.8,7.72
2022-10-20,7.5,0.18,75096.8,7.71
2022-10-19,7.5,0.18,75096.8,7.65
2022-10-18,7.5,0.18,75096.8,7.63
2022-10-17,7.5,0.18,75096.8,7.56
2022-10-14,7.5,0.18,75096.8,7.6
2022-10-13,7.5,0.18,75096.8,7.65
2022-10-12,7.5,0.18,75096.8,7.62
2022-10-11,7.5,0.18,75096.8,7.55
2022-10-10,7.5,0.18,75096.8,7.62
2022-10-07,7.5,0.18,75096.8,7.97
2022-10-06,7.5,0.18,75096.8,7.95
2022-10-05,7.5,0.18,75096.8,7.9
2022-10-04,7.5,0.18,75096.8,7.92
2022-10-03,7.5,0.18,75096.8,8.17
2022-09-30,7.5,0.05,73333.3,7.86
2022-09-29,7.5,0.05,73333.3,7.89
2022-09-28,7.5,0.05,73333.3,7.73
2022-09-27,7.5,0.05,73333.3,7.58
2022-09-26,7.5,0.05,73333.3,7.5
2022-09-23,7.5,0.05,73333.3,7.52
2022-09-22,7.5,0.05,73333.3,7.59
2022-09-21,7.5,0.05,73333.3,7.54
2022-09-20,7.5,0.05,73333.3,7.41
2022-09-19,7.5,0.05,73333.3,7.34
2022-09-16,8,0.05,73333.3,7.59
2022-09-15,8,0.05,73333.3,7.74
2022-09-14,8,0.05,73333.3,7.7
2022-09-13,8,0.05,73333.3,7.77
2022-09-12,8,0.05,73333.3,7.54
2022-09-09,8,0.05,73333.3,7.82
2022-09-08,8,0.05,73333.3,7.8
2022-09-07,8,0.05,73333.3,7.81
2022-09-06,8,0.05,73333.3,7.8
2022-09-05,8,0.05,73333.3,7.9
2022-09-02,8,0.05,73333.3,7.84
2022-09-01,8,0.05,73333.3,7.94
2022-08-31,8,-0.52,70825.4,8.03
2022-08-30,8,-0.52,70825.4,7.89
2022-08-29,8,-0.52,70825.4,8.02
2022-08-26,8,-0.52,70825.4,7.89
2022-08-25,8,-0.52,70825.4,7.91
2022-08-24,8,-0.52,70825.4,7.96
2022-08-23,8,-0.52,70825.4,7.99
2022-08-22,8,-0.52,70825.4,7.92
2022-08-19,8,-0.52,70825.4,8.03
2022-08-18,8,-0.52,70825.4,7.87
2022-08-17,8,-0.52,70825.4,7.86
2022-08-16,8,-0.52,70825.4,7.94
2022-08-15,8,-0.52,70825.4,8.08
2022-08-12,8,-0.52,70825.4,8.19
2022-08-11,8,-0.52,70825.4,8.07
2022-08-10,8,-0.52,70825.4,7.89
2022-08-09,8,-0.52,70825.4,8.03
2022-08-08,8,-0.52,70825.4,7.58
2022-08-05,8,-0.52,70825.4,7.74
2022-08-04,8,-0.52,70825.4,7.76
2022-08-03,8,-0.52,70825.4,7.99
2022-08-02,8,-0.52,70825.4,8.05
2022-08-01,8,-0.52,70825.4,8.09
2022-07-29,8,-0.39,69623.2,8.1
2022-07-28,8,-0.39,69623.2,8.1
2022-07-27,8,-0.39,69623.2,8.26
2022-07-26,8,-0.39,69623.2,8.09
2022-07-25,8,-0.39,69623.2,8.05
2022-07-22,9.5,-0.39,69623.2,9.24
2022-07-21,9.5,-0.39,69623.2,9.31
2022-07-20,9.5,-0.39,69623.2,9.29
2022-07-19,9.5,-0.39,69623.2,9.32
2022-07-18,9.5,-0.39,69623.2,9.35
2022-07-15,9.5,-0.39,69623.2,9.34
2022-07-14,9.5,-0.39,69623.2,9.23
2022-07-13,9.5,-0.39,69623.2,9.1
2022-07-12,9.5,-0.39,69623.2,9.56
2022-07-11,9.5,-0.39,69623.2,9.35
2022-07-08,9.5,-0.39,69623.2,9.1
2022-07-07,9.5,-0.39,69623.2,8.94
2022-07-06,9.5,-0.39,69623.2,8.83
2022-07-05,9.5,-0.39,69623.2,8.76
2022-07-04,9.5,-0.39,69623.2,8.76
2022-07-01,9.5,-0.39,69623.2,8.9
2022-06-30,9.5,-0.35,68993.4,9
2022-06-29,9.5,-0.35,68993.4,8.99
2022-06-28,9.5,-0.35,68993.4,8.99
2022-06-27,9.5,-0.35,68993.4,8.85
2022-06-24,9.5,-0.35,68993.4,8.86
2022-06-23,9.5,-0.35,68993.4,8.95
2022-06-22,9.5,-0.35,68993.4,8.89
2022-06-21,9.5,-0.35,68993.4,8.89
2022-06-20,9.5,-0.35,68993.4,8.75
2022-06-17,9.5,-0.35,68993.4,8.99
2022-06-16,9.5,-0.35,68993.4,9.3
2022-06-15,9.5,-0.35,68993.4,9.6
2022-06-14,9.5,-0.35,68993.4,9.71
2022-06-10,11,-0.35,68993.4,10.6
2022-06-09,11,-0.35,68993.4,10.83
2022-06-08,11,-0.35,68993.4,10.49
2022-06-07,11,-0.35,68993.4,10.29
2022-06-06,11,-0.35,68993.4,10.38
2022-06-03,11,-0.35,68993.4,10.64
2022-06-02,11,-0.35,68993.4,10.64
2022-06-01,11,-0.35,68993.4,10.65
2022-05-31,11,0.12,68475.3,10.75
2022-05-30,11,0.12,68475.3,10.7
2022-05-27,11,0.12,68475.3,10.65
2022-05-26,14,0.12,68475.3,13.34
2022-05-25,14,0.12,68475.3,13.54
2022-05-24,14,0.12,68475.3,13.5
2022-05-23,14,0.12,68475.3,13.66
2022-05-20,14,0.12,68475.3,13.68
2022-05-19,14,0.12,68475.3,13.89
2022-05-18,14,0.12,68475.3,13.96
2022-05-17,14,0.12,68475.3,13.98
2022-05-16,14,0.12,68475.3,13.53
2022-05-13,14,0.12,68475.3,14.16
2022-05-12,14,0.12,68475.3,14.1
2022-05-11,14,0.12,68475.3,14.09
2022-05-06,14,0.12,68475.3,14.15
2022-05-05,14,0.12,68475.3,14
2022-05-04,14,0.12,68475.3,13.68
2022-04-29,17,1.56,68203.5,16.56
2022-04-28,17,1.56,68203.5,16.5
2022-04-27,17,1.56,68203.5,16.35
2022-04-26,17,1.56,68203.5,16.31
2022-04-25,17,1.56,68203.5,16.25
2022-04-22,17,1.56,68203.5,16.25
2022-04-21,17,1.56,68203.5,16.25
2022-04-20,17,1.56,68203.5,16.24
2022-04-19,17,1.56,68203.5,16.25
2022-04-18,17,1.56,68203.5,16.25
2022-04-15,17,1.56,68203.5,16.25
2022-04-14,17,1.56,68203.5,16.25
2022-04-13,17,1.56,68203.5,16.25
2022-04-12,17,1.56,68203.5,16.31
2022-04-11,17,1.56,68203.5,16.28
2022-04-08,20,1.56,68203.5,19.24
2022-04-07,20,1.56,68203.5,19.25
2022-04-06,20,1.56,68203.5,19.24
2022-04-05,20,1.56,68203.5,19.05
2022-04-04,20,1.56,68203.5,19.08
2022-04-01,20,1.56,68203.5,19.25
2022-03-31,20,7.61,66659.7,19.25
2022-03-30,20,7.61,66659.7,19.4
2022-03-29,20,7.61,66659.7,19.3
2022-03-28,20,7.61,66659.7,19.49
2022-03-25,20,7.61,66659.7,19.53
2022-03-24,20,7.61,66659.7,19.52
2022-03-23,20,7.61,66659.7,19.5
2022-03-22,20,7.61,66659.7,19.5
2022-03-21,20,7.61,66659.7,19.67
2022-03-18,20,7.61,66659.7,19.83
2022-03-17,20,7.61,66659.7,20
2022-03-16,20,7.61,66659.7,20.02
2022-03-15,20,7.61,66659.7,20.34
2022-03-14,20,7.61,66659.7,20.41
2022-03-11,20,7.61,66659.7,20.52
2022-03-10,20,7.61,66659.7,21.21
2022-03-09,20,7.61,66659.7,20.39
2022-03-05,20,7.61,66659.7,20.44
2022-03-04,20,7.61,66659.7,20.59
2022-03-03,20,7.61,66659.7,20.29
2022-03-02,20,7.61,66659.7,21.01
2022-03-01,20,7.61,66659.7,20.51
2022-02-28,20,1.17,65310.3,20
2022-02-25,9.5,1.17,65310.3,10
2022-02-24,9.5,1.17,65310.3,9.65
2022-02-22,9.5,1.17,65310.3,9.64
2022-02-21,9.5,1.17,65310.3,9.5
2022-02-18,9.5,1.17,65310.3,9.54
2022-02-17,9.5,1.17,65310.3,9.5
2022-02-16,9.5,1.17,65310.3,9.5
2022-02-15,9.5,1.17,65310.3,9.4
2022-02-14,9.5,1.17,65310.3,9.36
2022-02-11,8.5,1.17,65310.3,8.97
2022-02-10,8.5,1.17,65310.3,8.71
2022-02-09,8.5,1.17,65310.3,8.51
2022-02-08,8.5,1.17,65310.3,8.25
2022-02-07,8.5,1.17,65310.3,7.82
2022-02-04,8.5,1.17,65310.3,8.01
2022-02-03,8.5,1.17,65310.3,8.12
2022-02-02,8.5,1.17,65310.3,8.17
2022-02-01,8.5,1.17,65310.3,8.13
2022-01-31,8.5,0.99,66252.9,8.28
2022-01-28,8.5,0.99,66252.9,8.42
2022-01-27,8.5,0.99,66252.9,8.47
2022-01-26,8.5,0.99,66252.9,8.45
2022-01-25,8.5,0.99,66252.9,8.42
2022-01-24,8.5,0.99,66252.9,8.33
2022-01-21,8.5,0.99,66252.9,8.29
2022-01-20,8.5,0.99,66252.9,8.26
2022-01-19,8.5,0.99,66252.9,8.25
2022-01-18,8.5,0.99,66252.9,8.28
2022-01-17,8.5,0.99,66252.9,8.29
2022-01-14,8.5,0.99,66252.9,8.2
2022-01-13,8.5,0.99,66252.9,8.09
2022-01-12,8.5,0.99,66252.9,8.07
2022-01-11,8.5,0.99,66252.9,8.06
2022-01-10,8.5,0.99,66252.9,8.04
2021-12-29,8.5,0.82,62312.5,8.13
2021-12-28,8.5,0.82,62312.5,8.29
2021-12-27,8.5,0.82,62312.5,8.15
2021-12-24,8.5,0.82,62312.5,8.01
2021-12-23,8.5,0.82,62312.5,7.77
2021-12-22,8.5,0.82,62312.5,8.08
2021-12-21,8.5,0.82,62312.5,7.79
2021-12-20,8.5,0.82,62312.5,8.07
2021-12-17,7.5,0.82,62312.5,7.5
2021-12-16,7.5,0.82,62312.5,7.35
2021-12-15,7.5,0.82,62312.5,7.36
2021-12-14,7.5,0.82,62312.5,7.38
2021-12-13,7.5,0.82,62312.5,7.4
2021-12-10,7.5,0.82,62312.5,7.45
2021-12-09,7.5,0.82,62312.5,7.49
2021-12-08,7.5,0.82,62312.5,7.44
2021-12-07,7.5,0.82,62312.5,7.24
2021-12-06,7.5,0.82,62312.5,7.21
2021-12-03,7.5,0.82,62312.5,7.16
2021-12-02,7.5,0.82,62312.5,6.93
2021-12-01,7.5,0.82,62312.5,6.93
2021-11-30,7.5,0.96,60813.7,7.27
2021-11-29,7.5,0.96,60813.7,7.36
2021-11-26,7.5,0.96,60813.7,7.33
2021-11-25,7.5,0.96,60813.7,7.49
2021-11-24,7.5,0.96,60813.7,7.27
2021-11-23,7.5,0.96,60813.7,7.3
2021-11-22,7.5,0.96,60813.7,7.3
2021-11-19,7.5,0.96,60813.7,7.39
2021-11-18,7.5,0.96,60813.7,7.48
2021-11-17,7.5,0.96,60813.7,7.44
2021-11-16,7.5,0.96,60813.7,7.37
2021-11-15,7.5,0.96,60813.7,7.32
2021-11-12,7.5,0.96,60813.7,7.26
2021-11-11,7.5,0.96,60813.7,7.32
2021-11-10,7.5,0.96,60813.7,7.29
2021-11-09,7.5,0.96,60813.7,7.5
2021-11-08,7.5,0.96,60813.7,7.4
2021-11-03,7.5,0.96,60813.7,7.09
2021-11-02,7.5,0.96,60813.7,6.86
2021-11-01,7.5,0.96,60813.7,7.11
2021-10-29,7.5,1.11,60606.2,7.35
2021-10-28,7.5,1.11,60606.2,7.33
2021-10-27,7.5,1.11,60606.2,7.28
2021-10-26,7.5,1.11,60606.2,7.3
2021-10-25,7.5,1.11,60606.2,7.38
2021-10-22,6.75,1.11,60606.2,7
2021-10-21,6.75,1.11,60606.2,6.82
2021-10-20,6.75,1.11,60606.2,6.86
2021-10-19,6.75,1.11,60606.2,6.85
2021-10-18,6.75,1.11,60606.2,6.9
2021-10-15,6.75,1.11,60606.2,6.79
2021-10-14,6.75,1.11,60606.2,6.78
2021-10-13,6.75,1.11,60606.2,6.67
2021-10-12,6.75,1.11,60606.2,6.28
2021-10-11,6.75,1.11,60606.2,6.54
2021-10-08,6.75,1.11,60606.2,6.33
2021-10-07,6.75,1.11,60606.2,6.39
2021-10-06,6.75,1.11,60606.2,6.41
2021-10-05,6.75,1.11,60606.2,6.45
2021-10-04,6.75,1.11,60606.2,6.63
2021-10-01,6.75,1.11,60606.2,6.64
2021-09-30,6.75,0.6,59816.9,6.78
2021-09-29,6.75,0.6,59816.9,6.68
2021-09-28,6.75,0.6,59816.9,6.75
2021-09-27,6.75,0.6,59816.9,6.69
2021-09-24,6.75,0.6,59816.9,6.56
2021-09-23,6.75,0.6,59816.9,6.51
2021-09-22,6.75,0.6,59816.9,6.59
2021-09-21,6.75,0.6,59816.9,6.65
2021-09-20,6.75,0.6,59816.9,6.75
2021-09-17,6.75,0.6,59816.9,6.69
2021-09-16,6.75,0.6,59816.9,6.7
2021-09-15,6.75,0.6,59816.9,6.65
2021-09-14,6.75,0.6,59816.9,6.67
2021-09-13,6.75,0.6,59816.9,6.63
2021-09-10,6.5,0.6,59816.9,6.69
2021-09-09,6.5,0.6,59816.9,6.51
2021-09-08,6.5,0.6,59816.9,6.44
2021-09-07,6.5,0.6,59816.9,6.34
2021-09-06,6.5,0.6,59816.9,6.27
2021-09-03,6.5,0.6,59816.9,6.32
2021-09-02,6.5,0.6,59816.9,6.05
2021-09-01,6.5,0.6,59816.9,6.32
2021-08-31,6.5,0.17,59379.7,6.48
2021-08-30,6.5,0.17,59379.7,6.51
2021-08-27,6.5,0.17,59379.7,6.47
2021-08-26,6.5,0.17,59379.7,6.48
2021-08-25,6.5,0.17,59379.7,6.51
2021-08-24,6.5,0.17,59379.7,6.45
2021-08-23,6.5,0.17,59379.7,6.4
2021-08-20,6.5,0.17,59379.7,6.46
2021-08-19,6.5,0.17,59379.7,6.46
2021-08-18,6.5,0.17,59379.7,6.48
2021-08-17,6.5,0.17,59379.7,6.7
2021-08-16,6.5,0.17,59379.7,6.5
2021-08-13,6.5,0.17,59379.7,6.39
2021-08-12,6.5,0.17,59379.7,6.32
2021-08-11,6.5,0.17,59379.7,6.24
2021-08-10,6.5,0.17,59379.7,6.25
2021-08-09,6.5,0.17,59379.7,6.22
2021-08-06,6.5,0.17,59379.7,6.02
2021-08-05,6.5,0.17,59379.7,5.75
2021-08-04,6.5,0.17,59379.7,5.86
2021-08-03,6.5,0.17,59379.7,5.61
2021-08-02,6.5,0.17,59379.7,6.19
2021-07-30,6.5,0.31,59583.9,6.76
2021-07-29,6.5,0.31,59583.9,7.19
2021-07-28,6.5,0.31,59583.9,6.61
2021-07-27,6.5,0.31,59583.9,6.24
2021-07-26,6.5,0.31,59583.9,6.25
2021-07-23,5.5,0.31,59583.9,5.75
2021-07-22,5.5,0.31,59583.9,5.7
2021-07-21,5.5,0.31,59583.9,5.76
2021-07-20,5.5,0.31,59583.9,5.85
2021-07-19,5.5,0.31,59583.9,5.78
2021-07-16,5.5,0.31,59583.9,5.71
2021-07-15,5.5,0.31,59583.9,5.6
2021-07-14,5.5,0.31,59583.9,5.6
2021-07-13,5.5,0.31,59583.9,5.55
2021-07-12,5.5,0.31,59583.9,5.5
2021-07-09,5.5,0.31,59583.9,5.48
2021-07-08,5.5,0.31,59583.9,5.41
2021-07-07,5.5,0.31,59583.9,5.36
2021-07-06,5.5,0.31,59583.9,5.27
2021-07-05,5.5,0.31,59583.9,5.31
2021-07-02,5.5,0.31,59583.9,5.11
2021-07-01,5.5,0.31,59583.9,5.06
2021-06-30,5.5,0.69,59194.1,5.28
2021-06-29,5.5,0.69,59194.1,5.42
2021-06-28,5.5,0.69,59194.1,5.46
2021-06-25,5.5,0.69,59194.1,5.43
2021-06-24,5.5,0.69,59194.1,5.1
2021-06-23,5.5,0.69,59194.1,5.09
2021-06-22,5.5,0.69,59194.1,5.18
2021-06-21,5.5,0.69,59194.1,5.17
2021-06-18,5.5,0.69,59194.1,5.34
2021-06-17,5.5,0.69,59194.1,5.35
2021-06-16,5.5,0.69,59194.1,5.36
2021-06-15,5.5,0.69,59194.1,5.36
2021-06-11,5,0.69,59194.1,5.2
2021-06-10,5,0.69,59194.1,5.04
2021-06-09,5,0.69,59194.1,5
2021-06-08,5,0.69,59194.1,4.73
2021-06-07,5,0.69,59194.1,4.38
2021-06-04,5,0.69,59194.1,4.75
2021-06-03,5,0.69,59194.1,4.74
2021-06-02,5,0.69,59194.1,4.8
2021-06-01,5,0.69,59194.1,4.77
2021-05-31,5,0.74,59205.8,4.85
2021-05-28,5,0.74,59205.8,4.97
2021-05-27,5,0.74,59205.8,4.93
2021-05-26,5,0.74,59205.8,4.9
2021-05-25,5,0.74,59205.8,4.89
2021-05-24,5,0.74,59205.8,4.77
2021-05-21,5,0.74,59205.8,4.82
2021-05-20,5,0.74,59205.8,4.81
2021-05-19,5,0.74,59205.8,4.91
2021-05-18,5,0.74,59205.8,4.97
2021-05-17,5,0.74,59205.8,4.97
2021-05-14,5,0.74,59205.8,4.97
2021-05-13,5,0.74,59205.8,4.84
2021-05-12,5,0.74,59205.8,4.75
2021-05-11,5,0.74,59205.8,4.27
2021-05-07,5,0.74,59205.8,4.23
2021-05-06,5,0.74,59205.8,4.3
2021-05-05,5,0.74,59205.8,4.53
2021-05-04,5,0.74,59205.8,4.71
2021-04-30,5,0.58,58262.6,4.84
2021-04-29,5,0.58,58262.6,4.88
2021-04-28,5,0.58,58262.6,4.85
2021-04-27,5,0.58,58262.6,4.6
2021-04-26,5,0.58,58262.6,4.81
2021-04-23,4.5,0.58,58262.6,4.4
2021-04-22,4.5,0.58,58262.6,4.36
2021-04-21,4.5,0.58,58262.6,4.35
2021-04-20,4.5,0.58,58262.6,4.37
2021-04-19,4.5,0.58,58262.6,4.27
2021-04-16,4.5,0.58,58262.6,4.45
2021-04-15,4.5,0.58,58262.6,4.47
2021-04-14,4.5,0.58,58262.6,4.46
2021-04-13,4.5,0.58,58262.6,4.52
2021-04-12,4.5,0.58,58262.6,4.46
2021-04-09,4.5,0.58,58262.6,4.43
2021-04-08,4.5,0.58,58262.6,4.45
2021-04-07,4.5,0.58,58262.6,4.37
2021-04-06,4.5,0.58,58262.6,4.12
2021-04-05,4.5,0.58,58262.6,4.25
2021-04-02,4.5,0.58,58262.6,4.38
2021-04-01,4.5,0.58,58262.6,4.45
2021-03-31,4.5,0.66,58178.2,4.45
2021-03-30,4.5,0.66,58178.2,4.48
2021-03-29,4.5,0.66,58178.2,4.45
2021-03-26,4.5,0.66,58178.2,4.31
2021-03-25,4.5,0.66,58178.2,4.41
2021-03-24,4.5,0.66,58178.2,4.28
2021-03-23,4.5,0.66,58178.2,4.22
2021-03-22,4.5,0.66,58178.2,4.24
2021-03-19,4.25,0.66,58178.2,4.14
2021-03-18,4.25,0.66,58178.2,4.11
2021-03-17,4.25,0.66,58178.2,4.12
2021-03-16,4.25,0.66,58178.2,4.13
2021-03-15,4.25,0.66,58178.2,4.13
2021-03-12,4.25,0.66,58178.2,4.14
2021-03-11,4.25,0.66,58178.2,4.11
2021-03-10,4.25,0.66,58178.2,4.09
2021-03-09,4.25,0.66,58178.2,4.35
2021-03-05,4.25,0.66,58178.2,4.04
2021-03-04,4.25,0.66,58178.2,4.07
2021-03-03,4.25,0.66,58178.2,4.06
2021-03-02,4.25,0.66,58178.2,4.01
2021-03-01,4.25,0.66,58178.2,4.06
2021-02-26,4.25,0.78,57597.9,4.18
2021-02-25,4.25,0.78,57597.9,4.16
2021-02-24,4.25,0.78,57597.9,4.06
2021-02-20,4.25,0.78,57597.9,4.06
2021-02-19,4.25,0.78,57597.9,4.02
2021-02-18,4.25,0.78,57597.9,4.05
2021-02-17,4.25,0.78,57597.9,4
2021-02-16,4.25,0.78,57597.9,3.91
2021-02-15,4.25,0.78,57597.9,3.94
2021-02-12,4.25,0.78,57597.9,4
2021-02-11,4.25,0.78,57597.9,4.02
2021-02-10,4.25,0.78,57597.9,4.09
2021-02-09,4.25,0.78,57597.9,4.16
2021-02-08,4.25,0.78,57597.9,3.28
2021-02-05,4.25,0.78,57597.9,3.73
2021-02-04,4.25,0.78,57597.9,4
2021-02-03,4.25,0.78,57597.9,4
2021-02-02,4.25,0.78,57597.9,4.1
2021-02-01,4.25,0.78,57597.9,4.23
2021-01-29,4.25,0.67,58652.1,4.43
2021-01-28,4.25,0.67,58652.1,4.27
2021-01-27,4.25,0.67,58652.1,4.25
2021-01-26,4.25,0.67,58652.1,4.35
2021-01-25,4.25,0.67,58652.1,4.27
2021-01-22,4.25,0.67,58652.1,4.27
2021-01-21,4.25,0.67,58652.1,4.35
2021-01-20,4.25,0.67,58652.1,4.31
2021-01-19,4.25,0.67,58652.1,4.3
2021-01-18,4.25,0.67,58652.1,4.3
2021-01-15,4.25,0.67,58652.1,4.25
2021-01-14,4.25,0.67,58652.1,4.24
2021-01-13,4.25,0.67,58652.1,4.23
2021-01-12,4.25,0.67,58652.1,4.18
2021-01-11,4.25,0.67,58652.1,4.27
2020-12-30,4.25,0.83,56122.6,4.27
2020-12-29,4.25,0.83,56122.6,4.2
2020-12-28,4.25,0.83,56122.6,4.24
2020-12-25,4.25,0.83,56122.6,4.19
2020-12-24,4.25,0.83,56122.6,4.2
2020-12-23,4.25,0.83,56122.6,4.2
2020-12-22,4.25,0.83,56122.6,4.28
2020-12-21,4.25,0.83,56122.6,4.27
2020-12-18,4.25,0.83,56122.6,4.27
2020-12-17,4.25,0.83,56122.6,4.31
2020-12-16,4.25,0.83,56122.6,4.32
2020-12-15,4.25,0.83,56122.6,4.25
2020-12-14,4.25,0.83,56122.6,4.17
2020-12-11,4.25,0.83,56122.6,4.19
2020-12-10,4.25,0.83,56122.6,4.11
2020-12-09,4.25,0.83,56122.6,4.05
2020-12-08,4.25,0.83,56122.6,3.58
2020-12-07,4.25,0.83,56122.6,3.64
2020-12-04,4.25,0.83,56122.6,4.01
2020-12-03,4.25,0.83,56122.6,4.02
2020-12-02,4.25,0.83,56122.6,4.02
2020-12-01,4.25,0.83,56122.6,4.06
2020-11-30,4.25,0.71,55871.1,4.07
2020-11-27,4.25,0.71,55871.1,4.03
2020-11-26,4.25,0.71,55871.1,4.07
2020-11-25,4.25,0.71,55871.1,4.06
2020-11-24,4.25,0.71,55871.1,4.01
2020-11-23,4.25,0.71,55871.1,4.02
2020-11-20,4.25,0.71,55871.1,4.08
2020-11-19,4.25,0.71,55871.1,4.1
2020-11-18,4.25,0.71,55871.1,4.1
2020-11-17,4.25,0.71,55871.1,4.18
2020-11-16,4.25,0.71,55871.1,4.15
2020-11-13,4.25,0.71,55871.1,4.2
2020-11-12,4.25,0.71,55871.1,4.17
2020-11-11,4.25,0.71,55871.1,4.14
2020-11-10,4.25,0.71,55871.1,3.79
2020-11-09,4.25,0.71,55871.1,3.78
2020-11-06,4.25,0.71,55871.1,4.08
2020-11-05,4.25,0.71,55871.1,4.14
2020-11-03,4.25,0.71,55871.1,4.09
2020-11-02,4.25,0.71,55871.1,4.15
2020-10-30,4.25,0.43,56024.9,4.26
2020-10-29,4.25,0.43,56024.9,4.26
2020-10-28,4.25,0.43,56024.9,4.26
2020-10-27,4.25,0.43,56024.9,4.23
2020-10-26,4.25,0.43,56024.9,4.24
2020-10-23,4.25,0.43,56024.9,4.23
2020-10-22,4.25,0.43,56024.9,4.23
2020-10-21,4.25,0.43,56024.9,4.24
2020-10-20,4.25,0.43,56024.9,4.24
2020-10-19,4.25,0.43,56024.9,4.22
2020-10-16,4.25,0.43,56024.9,4.27
2020-10-15,4.25,0.43,56024.9,4.24
2020-10-14,4.25,0.43,56024.9,4.22
2020-10-13,4.25,0.43,56024.9,4.24
2020-10-12,4.25,0.43,56024.9,4.25
2020-10-09,4.25,0.43,56024.9,4.24
2020-10-08,4.25,0.43,56024.9,4.2
2020-10-07,4.25,0.43,56024.9,4.2
2020-10-06,4.25,0.43,56024.9,4
2020-10-05,4.25,0.43,56024.9,4.04
2020-10-02,4.25,0.43,56024.9,3.9
2020-10-01,4.25,0.43,56024.9,4.08
2020-09-30,4.25,-0.07,55293.7,4.19
2020-09-29,4.25,-0.07,55293.7,4.19
2020-09-28,4.25,-0.07,55293.7,4.21
2020-09-25,4.25,-0.07,55293.7,4.23
2020-09-24,4.25,-0.07,55293.7,4.14
2020-09-23,4.25,-0.07,55293.7,4.2
2020-09-22,4.25,-0.07,55293.7,4.19
2020-09-21,4.25,-0.07,55293.7,4.16
2020-09-18,4.25,-0.07,55293.7,4.2
2020-09-17,4.25,-0.07,55293.7,4.24
2020-09-16,4.25,-0.07,55293.7,4.2
2020-09-15,4.25,-0.07,55293.7,4.18
2020-09-14,4.25,-0.07,55293.7,4.12
2020-09-11,4.25,-0.07,55293.7,4.1
2020-09-10,4.25,-0.07,55293.7,4.11
2020-09-09,4.25,-0.07,55293.7,4.12
2020-09-08,4.25,-0.07,55293.7,4.38
2020-09-07,4.25,-0.07,55293.7,4
2020-09-04,4.25,-0.07,55293.7,4.13
2020-09-03,4.25,-0.07,55293.7,4.15
2020-09-02,4.25,-0.07,55293.7,4.12
2020-09-01,4.25,-0.07,55293.7,4.1
2020-08-31,4.25,-0.04,54686.8,4.1
2020-08-28,4.25,-0.04,54686.8,4.18
2020-08-27,4.25,-0.04,54686.8,4.15
2020-08-26,4.25,-0.04,54686.8,4.17
2020-08-25,4.25,-0.04,54686.8,4.16
2020-08-24,4.25,-0.04,54686.8,4.06
2020-08-21,4.25,-0.04,54686.8,4.1
2020-08-20,4.25,-0.04,54686.8,4.12
2020-08-19,4.25,-0.04,54686.8,4.1
2020-08-18,4.25,-0.04,54686.8,4.12
2020-08-17,4.25,-0.04,54686.8,4.11
2020-08-14,4.25,-0.04,54686.8,4.11
2020-08-13,4.25,-0.04,54686.8,4.08
2020-08-12,4.25,-0.04,54686.8,4.09
2020-08-11,4.25,-0.04,54686.8,4.18
2020-08-10,4.25,-0.04,54686.8,4.18
2020-08-07,4.25,-0.04,54686.8,4.17
2020-08-06,4.25,-0.04,54686.8,4.13
2020-08-05,4.25,-0.04,54686.8,4.1
2020-08-04,4.25,-0.04,54686.8,4.03
2020-08-03,4.25,-0.04,54686.8,3.92
2020-07-31,4.25,0.35,54392.6,4.26
2020-07-30,4.25,0.35,54392.6,4.24
2020-07-29,4.25,0.35,54392.6,4.15
2020-07-28,4.25,0.35,54392.6,4.11
2020-07-27,4.25,0.35,54392.6,4.03
2020-07-24,4.5,0.35,54392.6,3.96
2020-07-23,4.5,0.35,54392.6,4.03
2020-07-22,4.5,0.35,54392.6,4.11
2020-07-21,4.5,0.35,54392.6,4.12
2020-07-20,4.5,0.35,54392.6,4.12
2020-07-17,4.5,0.35,54392.6,4.14
2020-07-16,4.5,0.35,54392.6,4.13
2020-07-15,4.5,0.35,54392.6,4.25
2020-07-14,4.5,0.35,54392.6,4.32
2020-07-13,4.5,0.35,54392.6,4.35
2020-07-10,4.5,0.35,54392.6,4.34
2020-07-09,4.5,0.35,54392.6,4.28
2020-07-08,4.5,0.35,54392.6,4.3
2020-07-07,4.5,0.35,54392.6,4.25
2020-07-06,4.5,0.35,54392.6,4.11
2020-07-03,4.5,0.35,54392.6,4.05
2020-07-02,4.5,0.35,54392.6,4.22
2020-06-30,4.5,0.22,53067.4,4.38
2020-06-29,4.5,0.22,53067.4,4.51
2020-06-26,4.5,0.22,53067.4,4.51
2020-06-25,4.5,0.22,53067.4,4.52
2020-06-23,4.5,0.22,53067.4,4.42
2020-06-22,4.5,0.22,53067.4,4.39
2020-06-19,5.5,0.22,53067.4,4.69
2020-06-18,5.5,0.22,53067.4,4.75
2020-06-17,5.5,0.22,53067.4,4.83
2020-06-16,5.5,0.22,53067.4,5.03
2020-06-15,5.5,0.22,53067.4,5.06
2020-06-11,5.5,0.22,53067.4,5.12
2020-06-10,5.5,0.22,53067.4,5.14
2020-06-09,5.5,0.22,53067.4,5.27
2020-06-08,5.5,0.22,53067.4,5.09
2020-06-05,5.5,0.22,53067.4,5.32
2020-06-04,5.5,0.22,53067.4,5.37
2020-06-03,5.5,0.22,53067.4,5.33
2020-06-02,5.5,0.22,53067.4,5.34
2020-06-01,5.5,0.22,53067.4,5.42
2020-05-29,5.5,0.27,52951.7,5.47
2020-05-28,5.5,0.27,52951.7,5.52
2020-05-27,5.5,0.27,52951.7,5.5
2020-05-26,5.5,0.27,52951.7,5.46
2020-05-25,5.5,0.27,52951.7,5.41
2020-05-22,5.5,0.27,52951.7,5.34
2020-05-21,5.5,0.27,52951.7,5.32
2020-05-20,5.5,0.27,52951.7,5.36
2020-05-19,5.5,0.27,52951.7,5.3
2020-05-18,5.5,0.27,52951.7,5.28
2020-05-15,5.5,0.27,52951.7,5.27
2020-05-14,5.5,0.27,52951.7,5.37
2020-05-13,5.5,0.27,52951.7,5.51
2020-05-12,5.5,0.27,52951.7,5.45
2020-05-08,5.5,0.27,52951.7,5.19
2020-05-07,5.5,0.27,52951.7,5.34
2020-05-06,5.5,0.27,52951.7,5.35
2020-04-30,5.5,0.83,52327.1,5.76
2020-04-29,5.5,0.83,52327.1,5.89
2020-04-28,5.5,0.83,52327.1,5.71
2020-04-27,5.5,0.83,52327.1,5.58
2020-04-24,6,0.83,52327.1,5.85
2020-04-23,6,0.83,52327.1,6.16
2020-04-22,6,0.83,52327.1,6.16
2020-04-21,6,0.83,52327.1,6.15
2020-04-20,6,0.83,52327.1,6.11
2020-04-17,6,0.83,52327.1,6.12
2020-04-16,6,0.83,52327.1,6.01
2020-04-15,6,0.83,52327.1,5.96
2020-04-14,6,0.83,52327.1,5.91
2020-04-13,6,0.83,52327.1,5.83
2020-04-10,6,0.83,52327.1,5.96
2020-04-09,6,0.83,52327.1,5.89
2020-04-08,6,0.83,52327.1,5.76
2020-04-07,6,0.83,52327.1,5.74
2020-04-06,6,0.83,52327.1,5.89
2020-03-27,6,0.55,51314.5,6.24
2020-03-26,6,0.55,51314.5,5.91
2020-03-25,6,0.55,51314.5,5.84
2020-03-24,6,0.55,51314.5,5.88
2020-03-23,6,0.55,51314.5,5.8
2020-03-20,6,0.55,51314.5,5.9
2020-03-19,6,0.55,51314.5,5.72
2020-03-18,6,0.55,51314.5,5.42
2020-03-17,6,0.55,51314.5,5.3
2020-03-16,6,0.55,51314.5,5.32
2020-03-13,6,0.55,51314.5,5.3
2020-03-12,6,0.55,51314.5,5.63
2020-03-11,6,0.55,51314.5,5.56
2020-03-10,6,0.55,51314.5,5.87
2020-03-06,6,0.55,51314.5,5.95
2020-03-05,6,0.55,51314.5,5.87
2020-03-04,6,0.55,51314.5,5.9
2020-03-03,6,0.55,51314.5,5.95
2020-03-02,6,0.55,51314.5,5.96
2020-02-28,6,0.33,50623.2,6.32
2020-02-27,6,0.33,50623.2,5.95
2020-02-26,6,0.33,50623.2,5.97
2020-02-25,6,0.33,50623.2,5.97
2020-02-21,6,0.33,50623.2,5.82
2020-02-20,6,0.33,50623.2,5.81
2020-02-19,6,0.33,50623.2,5.84
2020-02-18,6,0.33,50623.2,5.8
2020-02-17,6,0.33,50623.2,5.8
2020-02-14,6,0.33,50623.2,5.79
2020-02-13,6,0.33,50623.2,5.83
2020-02-12,6,0.33,50623.2,5.82
2020-02-11,6,0.33,50623.2,5.87
2020-02-10,6,0.33,50623.2,5.96
2020-02-07,6.25,0.33,50623.2,6.04
2020-02-06,6.25,0.33,50623.2,6.01
2020-02-05,6.25,0.33,50623.2,6.01
2020-02-04,6.25,0.33,50623.2,5.93
2020-02-03,6.25,0.33,50623.2,6.01
2020-01-31,6.25,0.4,51660.3,6.05
2020-01-30,6.25,0.4,51660.3,6.14
2020-01-29,6.25,0.4,51660.3,6.18
2020-01-28,6.25,0.4,51660.3,6.15
2020-01-27,6.25,0.4,51660.3,6.19
2020-01-24,6.25,0.4,51660.3,5.95
2020-01-23,6.25,0.4,51660.3,5.99
2020-01-22,6.25,0.4,51660.3,6
2020-01-21,6.25,0.4,51660.3,5.94
2020-01-20,6.25,0.4,51660.3,5.91
2020-01-17,6.25,0.4,51660.3,5.93
2020-01-16,6.25,0.4,51660.3,5.95
2020-01-15,6.25,0.4,51660.3,6.07
2020-01-14,6.25,0.4,51660.3,5.87
2020-01-13,6.25,0.4,51660.3,6.02
2020-01-10,6.25,0.4,51660.3,6.15
2020-01-09,6.25,0.4,51660.3,6.17
2019-12-30,6.25,0.36,49196.9,6.23
2019-12-27,6.25,0.36,49196.9,6.23
2019-12-26,6.25,0.36,49196.9,6.18
2019-12-25,6.25,0.36,49196.9,6.22
2019-12-24,6.25,0.36,49196.9,6.07
2019-12-23,6.25,0.36,49196.9,6.02
2019-12-20,6.25,0.36,49196.9,6.04
2019-12-19,6.25,0.36,49196.9,5.94
2019-12-18,6.25,0.36,49196.9,5.89
2019-12-17,6.25,0.36,49196.9,5.85
2019-12-16,6.25,0.36,49196.9,5.9
2019-12-13,6.5,0.36,49196.9,5.98
2019-12-12,6.5,0.36,49196.9,6.04
2019-12-11,6.5,0.36,49196.9,6.22
2019-12-10,6.5,0.36,49196.9,6.12
2019-12-09,6.5,0.36,49196.9,6.2
2019-12-06,6.5,0.36,49196.9,6.24
2019-12-05,6.5,0.36,49196.9,6.39
2019-12-04,6.5,0.36,49196.9,6.46
2019-12-03,6.5,0.36,49196.9,6.48
2019-12-02,6.5,0.36,49196.9,6.6
2019-11-29,6.5,0.28,48084,6.6
2019-11-28,6.5,0.28,48084,6.49
2019-11-27,6.5,0.28,48084,6.46
2019-11-26,6.5,0.28,48084,6.51
2019-11-25,6.5,0.28,48084,6.56
2019-11-22,6.5,0.28,48084,6.49
2019-11-21,6.5,0.28,48084,6.45
2019-11-20,6.5,0.28,48084,6.49
2019-11-19,6.5,0.28,48084,6.5
2019-11-18,6.5,0.28,48084,6.43
2019-11-15,6.5,0.28,48084,6.41
2019-11-14,6.5,0.28,48084,6.39
2019-11-13,6.5,0.28,48084,6.38
2019-11-12,6.5,0.28,48084,6.43
2019-11-11,6.5,0.28,48084,6.37
2019-11-08,6.5,0.28,48084,6.4
2019-11-07,6.5,0.28,48084,6.42
2019-11-06,6.5,0.28,48084,6.53
2019-11-05,6.5,0.28,48084,6.27
2019-11-01,6.5,0.28,48084,6.35
2019-10-31,6.5,0.13,48267,6.6
2019-10-30,6.5,0.13,48267,6.56
2019-10-29,6.5,0.13,48267,6.76
2019-10-28,6.5,0.13,48267,6.71
2019-10-25,7,0.13,48267,6.75
2019-10-24,7,0.13,48267,6.63
2019-10-23,7,0.13,48267,6.62
2019-10-22,7,0.13,48267,6.61
2019-10-21,7,0.13,48267,6.77
2019-10-18,7,0.13,48267,6.77
2019-10-17,7,0.13,48267,6.79
2019-10-16,7,0.13,48267,6.81
2019-10-15,7,0.13,48267,6.83
2019-10-14,7,0.13,48267,6.75
2019-10-11,7,0.13,48267,6.8
2019-10-10,7,0.13,48267,6.78
2019-10-09,7,0.13,48267,6.86
2019-10-08,7,0.13,48267,6.82
2019-10-07,7,0.13,48267,7.16
2019-10-04,7,0.13,48267,6.82
2019-10-03,7,0.13,48267,6.79
2019-10-02,7,0.13,48267,6.81
2019-10-01,7,0.13,48267,6.85
2019-09-30,7,-0.16,47586.7,6.89
2019-09-27,7,-0.16,47586.7,6.8
2019-09-26,7,-0.16,47586.7,6.79
2019-09-25,7,-0.16,47586.7,6.97
2019-09-24,7,-0.16,47586.7,6.63
2019-09-23,7,-0.16,47586.7,6.69
2019-09-20,7,-0.16,47586.7,6.69
2019-09-19,7,-0.16,47586.7,6.88
2019-09-18,7,-0.16,47586.7,6.74
2019-09-17,7,-0.16,47586.7,6.79
2019-09-16,7,-0.16,47586.7,6.73
2019-09-13,7,-0.16,47586.7,6.74
2019-09-12,7,-0.16,47586.7,6.84
2019-09-11,7,-0.16,47586.7,6.78
2019-09-10,7,-0.16,47586.7,6.71
2019-09-09,7,-0.16,47586.7,6.75
2019-09-06,7.25,-0.16,47586.7,6.91
2019-09-05,7.25,-0.16,47586.7,6.83
2019-09-04,7.25,-0.16,47586.7,6.99
2019-09-03,7.25,-0.16,47586.7,7.13
2019-09-02,7.25,-0.16,47586.7,7.1
2019-08-30,7.25,-0.24,47352.5,7.13
2019-08-29,7.25,-0.24,47352.5,7.04
2019-08-28,7.25,-0.24,47352.5,7.11
2019-08-27,7.25,-0.24,47352.5,7.17
2019-08-26,7.25,-0.24,47352.5,7.41
2019-08-23,7.25,-0.24,47352.5,7
2019-08-22,7.25,-0.24,47352.5,6.98
2019-08-21,7.25,-0.24,47352.5,6.98
2019-08-20,7.25,-0.24,47352.5,7.05
2019-08-19,7.25,-0.24,47352.5,7.08
2019-08-16,7.25,-0.24,47352.5,7.05
2019-08-15,7.25,-0.24,47352.5,7
2019-08-14,7.25,-0.24,47352.5,7.02
2019-08-13,7.25,-0.24,47352.5,7.01
2019-08-12,7.25,-0.24,47352.5,7.04
2019-08-09,7.25,-0.24,47352.5,7.06
2019-08-08,7.25,-0.24,47352.5,7.08
2019-08-07,7.25,-0.24,47352.5,7.1
2019-08-06,7.25,-0.24,47352.5,7.04
2019-08-05,7.25,-0.24,47352.5,7.04
2019-08-02,7.25,-0.24,47352.5,7.18
2019-08-01,7.25,-0.24,47352.5,7.28
2019-07-31,7.25,0.2,47349.4,7.3
2019-07-30,7.25,0.2,47349.4,7.25
2019-07-29,7.25,0.2,47349.4,7.15
2019-07-26,7.5,0.2,47349.4,7.18
2019-07-25,7.5,0.2,47349.4,7.23
2019-07-24,7.5,0.2,47349.4,7.11
2019-07-23,7.5,0.2,47349.4,7.23
2019-07-22,7.5,0.2,47349.4,7.2
2019-07-19,7.5,0.2,47349.4,7.27
2019-07-18,7.5,0.2,47349.4,7.27
2019-07-17,7.5,0.2,47349.4,7.28
2019-07-16,7.5,0.2,47349.4,7.28
2019-07-15,7.5,0.2,47349.4,7.26
2019-07-12,7.5,0.2,47349.4,7.26
2019-07-11,7.5,0.2,47349.4,7.25
2019-07-10,7.5,0.2,47349.4,7.31
2019-07-09,7.5,0.2,47349.4,7.2
2019-07-08,7.5,0.2,47349.4,6.99
2019-07-05,7.5,0.2,47349.4,7.14
2019-07-04,7.5,0.2,47349.4,7.37
2019-07-03,7.5,0.2,47349.4,7.28
2019-07-02,7.5,0.2,47349.4,7.34
2019-07-01,7.5,0.2,47349.4,7.39
2019-06-28,7.5,0.04,46736.9,7.55
2019-06-27,7.5,0.04,46736.9,7.5
2019-06-26,7.5,0.04,46736.9,7.43
2019-06-25,7.5,0.04,46736.9,7.51
2019-06-24,7.5,0.04,46736.9,7.41
2019-06-21,7.5,0.04,46736.9,7.41
2019-06-20,7.5,0.04,46736.9,7.4
2019-06-19,7.5,0.04,46736.9,7.49
2019-06-18,7.5,0.04,46736.9,7.48
2019-06-17,7.5,0.04,46736.9,7.41
2019-06-14,7.75,0.04,46736.9,7.49
2019-06-13,7.75,0.04,46736.9,7.5
2019-06-11,7.75,0.04,46736.9,7.53
2019-06-10,7.75,0.04,46736.9,7.54
2019-06-07,7.75,0.04,46736.9,7.59
2019-06-06,7.75,0.04,46736.9,7.73
2019-06-05,7.75,0.04,46736.9,7.75
2019-06-04,7.75,0.04,46736.9,7.56
2019-06-03,7.75,0.04,46736.9,7.71
2019-05-31,7.75,0.34,46437.5,7.89
2019-05-30,7.75,0.34,46437.5,8.06
2019-05-29,7.75,0.34,46437.5,7.81
2019-05-28,7.75,0.34,46437.5,7.84
2019-05-27,7.75,0.34,46437.5,7.6
2019-05-24,7.75,0.34,46437.5,7.4
2019-05-23,7.75,0.34,46437.5,7.48
2019-05-22,7.75,0.34,46437.5,7.5
2019-05-21,7.75,0.34,46437.5,7.63
2019-05-20,7.75,0.34,46437.5,7.67
2019-05-17,7.75,0.34,46437.5,7.68
2019-05-16,7.75,0.34,46437.5,7.63
2019-05-15,7.75,0.34,46437.5,7.65
2019-05-14,7.75,0.34,46437.5,7.61
2019-05-13,7.75,0.34,46437.5,7.76
2019-05-08,7.75,0.34,46437.5,7.59
2019-05-07,7.75,0.34,46437.5,7.5
2019-05-06,7.75,0.34,46437.5,7.37
2019-04-30,7.75,0.29,46141.4,7.96
2019-04-29,7.75,0.29,46141.4,7.96
2019-04-26,7.75,0.29,46141.4,7.56
2019-04-25,7.75,0.29,46141.4,7.49
2019-04-24,7.75,0.29,46141.4,7.32
2019-04-23,7.75,0.29,46141.4,7.36
2019-04-22,7.75,0.29,46141.4,7.45
2019-04-19,7.75,0.29,46141.4,7.61
2019-04-18,7.75,0.29,46141.4,7.59
2019-04-17,7.75,0.29,46141.4,7.59
2019-04-16,7.75,0.29,46141.4,7.98
2019-04-15,7.75,0.29,46141.4,7.89
2019-04-12,7.75,0.29,46141.4,7.89
2019-04-11,7.75,0.29,46141.4,7.79
2019-04-10,7.75,0.29,46141.4,7.64
2019-04-09,7.75,0.29,46141.4,7.7
2019-04-08,7.75,0.29,46141.4,7.64
2019-04-05,7.75,0.29,46141.4,7.82
2019-04-04,7.75,0.29,46141.4,7.72
2019-04-03,7.75,0.29,46141.4,7.64
2019-04-02,7.75,0.29,46141.4,7.61
2019-04-01,7.75,0.29,46141.4,7.61
2019-03-29,7.75,0.32,46214.7,7.81
2019-03-28,7.75,0.32,46214.7,7.52
2019-03-27,7.75,0.32,46214.7,7.63
2019-03-26,7.75,0.32,46214.7,7.76
2019-03-25,7.75,0.32,46214.7,7.81
2019-03-22,7.75,0.32,46214.7,7.45
2019-03-21,7.75,0.32,46214.7,7.44
2019-03-20,7.75,0.32,46214.7,7.42
2019-03-19,7.75,0.32,46214.7,7.46
2019-03-18,7.75,0.32,46214.7,7.45
2019-03-15,7.75,0.32,46214.7,7.5
2019-03-14,7.75,0.32,46214.7,7.48
2019-03-13,7.75,0.32,46214.7,7.53
2019-03-12,7.75,0.32,46214.7,7.54
2019-03-11,7.75,0.32,46214.7,7.69
2019-03-07,7.75,0.32,46214.7,7.78
2019-03-06,7.75,0.32,46214.7,7.73
2019-03-05,7.75,0.32,46214.7,7.72
2019-03-04,7.75,0.32,46214.7,7.59
2019-03-01,7.75,0.32,46214.7,7.51
2019-02-28,7.75,0.44,45723.2,7.54
2019-02-27,7.75,0.44,45723.2,7.64
2019-02-26,7.75,0.44,45723.2,7.49
2019-02-25,7.75,0.44,45723.2,7.5
2019-02-22,7.75,0.44,45723.2,7.2
2019-02-21,7.75,0.44,45723.2,7.38
2019-02-20,7.75,0.44,45723.2,7.54
2019-02-19,7.75,0.44,45723.2,7.62
2019-02-18,7.75,0.44,45723.2,7.56
2019-02-15,7.75,0.44,45723.2,7.54
2019-02-14,7.75,0.44,45723.2,7.34
2019-02-13,7.75,0.44,45723.2,7.53
2019-02-12,7.75,0.44,45723.2,7.48
2019-02-11,7.75,0.44,45723.2,7.61
2019-02-08,7.75,0.44,45723.2,7.6
2019-02-07,7.75,0.44,45723.2,7.61
2019-02-06,7.75,0.44,45723.2,7.58
2019-02-05,7.75,0.44,45723.2,7.53
2019-02-04,7.75,0.44,45723.2,7.5
2019-02-01,7.75,0.44,45723.2,7.6
2019-01-31,7.75,1.01,47109.3,7.62
2019-01-30,7.75,1.01,47109.3,7.72
2019-01-29,7.75,1.01,47109.3,7.78
2019-01-28,7.75,1.01,47109.3,7.76
2019-01-25,7.75,1.01,47109.3,7.71
2019-01-24,7.75,1.01,47109.3,7.55
2019-01-23,7.75,1.01,47109.3,7.56
2019-01-22,7.75,1.01,47109.3,7.66
2019-01-21,7.75,1.01,47109.3,7.62
2019-01-18,7.75,1.01,47109.3,7.63
2019-01-17,7.75,1.01,47109.3,7.58
2019-01-16,7.75,1.01,47109.3,7.56
2019-01-15,7.75,1.01,47109.3,7.53
2019-01-14,7.75,1.01,47109.3,7.53
2019-01-11,7.75,1.01,47109.3,7.53
2019-01-10,7.75,1.01,47109.3,7.53
2019-01-09,7.75,1.01,47109.3,7.59
2018-12-28,7.75,0.84,44892.8,7.07
2018-12-27,7.75,0.84,44892.8,7.55
2018-12-26,7.75,0.84,44892.8,7.43
2018-12-25,7.75,0.84,44892.8,7.62
2018-12-24,7.75,0.84,44892.8,7.62
2018-12-21,7.75,0.84,44892.8,7.66
2018-12-20,7.75,0.84,44892.8,7.66
2018-12-19,7.75,0.84,44892.8,7.68
2018-12-18,7.75,0.84,44892.8,7.67
2018-12-17,7.75,0.84,44892.8,7.57
2018-12-14,7.5,0.84,44892.8,7.5
2018-12-13,7.5,0.84,44892.8,7.38
2018-12-12,7.5,0.84,44892.8,7.4
2018-12-11,7.5,0.84,44892.8,7.43
2018-12-10,7.5,0.84,44892.8,7.42
2018-12-07,7.5,0.84,44892.8,7.38
2018-12-06,7.5,0.84,44892.8,7.41
2018-12-05,7.5,0.84,44892.8,7.41
2018-12-04,7.5,0.84,44892.8,7.41
2018-12-03,7.5,0.84,44892.8,7.28
2018-11-30,7.5,0.5,44219.6,7.5
2018-11-29,7.5,0.5,44219.6,7.29
2018-11-28,7.5,0.5,44219.6,7.46
2018-11-27,7.5,0.5,44219.6,7.57
2018-11-26,7.5,0.5,44219.6,7.43
2018-11-23,7.5,0.5,44219.6,7.07
2018-11-22,7.5,0.5,44219.6,6.91
2018-11-21,7.5,0.5,44219.6,7.12
2018-11-20,7.5,0.5,44219.6,7.06
2018-11-19,7.5,0.5,44219.6,7.01
2018-11-16,7.5,0.5,44219.6,6.92
2018-11-15,7.5,0.5,44219.6,7.01
2018-11-14,7.5,0.5,44219.6,7.15
2018-11-13,7.5,0.5,44219.6,7.39
2018-11-12,7.5,0.5,44219.6,7.43
2018-11-09,7.5,0.5,44219.6,7.37
2018-11-08,7.5,0.5,44219.6,7.34
2018-11-07,7.5,0.5,44219.6,7.35
2018-11-06,7.5,0.5,44219.6,7.5
2018-11-02,7.5,0.5,44219.6,7.28
2018-11-01,7.5,0.5,44219.6,6.86
2018-10-31,7.5,0.35,44254,7.06
2018-10-30,7.5,0.35,44254,7.12
2018-10-29,7.5,0.35,44254,7.2
2018-10-26,7.5,0.35,44254,7.25
2018-10-25,7.5,0.35,44254,7.32
2018-10-24,7.5,0.35,44254,7.05
2018-10-23,7.5,0.35,44254,7.1
2018-10-22,7.5,0.35,44254,7.16
2018-10-19,7.5,0.35,44254,7.36
2018-10-18,7.5,0.35,44254,7.41
2018-10-17,7.5,0.35,44254,7.29
2018-10-16,7.5,0.35,44254,7.27
2018-10-15,7.5,0.35,44254,7.35
2018-10-12,7.5,0.35,44254,7.33
2018-10-11,7.5,0.35,44254,7.32
2018-10-10,7.5,0.35,44254,7.16
2018-10-09,7.5,0.35,44254,7.06
2018-10-08,7.5,0.35,44254,7.36
2018-10-05,7.5,0.35,44254,7.53
2018-10-04,7.5,0.35,44254,7.42
2018-10-03,7.5,0.35,44254,7.36
2018-10-02,7.5,0.35,44254,7.25
2018-10-01,7.5,0.35,44254,7.27
2018-09-28,7.5,0.16,44370.3,7.4
2018-09-27,7.5,0.16,44370.3,7.23
2018-09-26,7.5,0.16,44370.3,7.24
2018-09-25,7.5,0.16,44370.3,7.47
2018-09-24,7.5,0.16,44370.3,7.22
2018-09-21,7.5,0.16,44370.3,7.23
2018-09-20,7.5,0.16,44370.3,7.29
2018-09-19,7.5,0.16,44370.3,7.01
2018-09-18,7.5,0.16,44370.3,7.24
2018-09-17,7.5,0.16,44370.3,7.24
2018-09-14,7.25,0.16,44370.3,7.02
2018-09-13,7.25,0.16,44370.3,7
2018-09-12,7.25,0.16,44370.3,6.81
2018-09-11,7.25,0.16,44370.3,7.01
2018-09-10,7.25,0.16,44370.3,6.98
2018-09-07,7.25,0.16,44370.3,6.97
2018-09-06,7.25,0.16,44370.3,6.87
2018-09-05,7.25,0.16,44370.3,7
2018-09-04,7.25,0.16,44370.3,7.17
2018-09-03,7.25,0.16,44370.3,7.15
2018-08-31,7.25,0.01,43911.5,7.14
2018-08-30,7.25,0.01,43911.5,7.14
2018-08-29,7.25,0.01,43911.5,7.18
2018-08-28,7.25,0.01,43911.5,7.26
2018-08-27,7.25,0.01,43911.5,7.22
2018-08-24,7.25,0.01,43911.5,6.97
2018-08-23,7.25,0.01,43911.5,6.73
2018-08-22,7.25,0.01,43911.5,6.96
2018-08-21,7.25,0.01,43911.5,6.91
2018-08-20,7.25,0.01,43911.5,6.97
2018-08-17,7.25,0.01,43911.5,6.95
2018-08-16,7.25,0.01,43911.5,7.08
2018-08-15,7.25,0.01,43911.5,7.09
2018-08-14,7.25,0.01,43911.5,7.18
2018-08-13,7.25,0.01,43911.5,7.14
2018-08-10,7.25,0.01,43911.5,7.15
2018-08-09,7.25,0.01,43911.5,7.1
2018-08-08,7.25,0.01,43911.5,7.02
2018-08-07,7.25,0.01,43911.5,6.85
2018-08-06,7.25,0.01,43911.5,6.86
2018-08-03,7.25,0.01,43911.5,6.88
2018-08-02,7.25,0.01,43911.5,6.97
2018-08-01,7.25,0.01,43911.5,7.04
2018-07-31,7.25,0.27,44126.7,7.74
2018-07-30,7.25,0.27,44126.7,7.72
2018-07-27,7.25,0.27,44126.7,7.71
2018-07-26,7.25,0.27,44126.7,7.19
2018-07-25,7.25,0.27,44126.7,7
2018-07-24,7.25,0.27,44126.7,6.8
2018-07-23,7.25,0.27,44126.7,6.76
2018-07-20,7.25,0.27,44126.7,7.01
2018-07-19,7.25,0.27,44126.7,7.09
2018-07-18,7.25,0.27,44126.7,7.05
2018-07-17,7.25,0.27,44126.7,7.19
2018-07-16,7.25,0.27,44126.7,7.14
2018-07-13,7.25,0.27,44126.7,7.13
2018-07-12,7.25,0.27,44126.7,7.09
2018-07-11,7.25,0.27,44126.7,7.06
2018-07-10,7.25,0.27,44126.7,7.03
2018-07-09,7.25,0.27,44126.7,6.64
2018-07-06,7.25,0.27,44126.7,6.73
2018-07-05,7.25,0.27,44126.7,7
2018-07-04,7.25,0.27,44126.7,7.02
2018-07-03,7.25,0.27,44126.7,6.72
2018-07-02,7.25,0.27,44126.7,7.01
2018-06-29,7.25,0.49,43258,7.16
2018-06-28,7.25,0.49,43258,7.13
2018-06-27,7.25,0.49,43258,7.21
2018-06-26,7.25,0.49,43258,7.27
2018-06-25,7.25,0.49,43258,7.11
2018-06-22,7.25,0.49,43258,6.96
2018-06-21,7.25,0.49,43258,6.96
2018-06-20,7.25,0.49,43258,6.99
2018-06-19,7.25,0.49,43258,7
2018-06-18,7.25,0.49,43258,7.01
2018-06-15,7.25,0.49,43258,6.98
2018-06-14,7.25,0.49,43258,7
2018-06-13,7.25,0.49,43258,6.99
2018-06-09,7.25,0.49,43258,6.76
2018-06-08,7.25,0.49,43258,7
2018-06-07,7.25,0.49,43258,7
2018-06-06,7.25,0.49,43258,7
2018-06-05,7.25,0.49,43258,6.75
2018-06-04,7.25,0.49,43258,6.71
2018-06-01,7.25,0.49,43258,6.96
2018-05-31,7.25,0.38,43122.6,7.1
2018-05-30,7.25,0.38,43122.6,7.12
2018-05-29,7.25,0.38,43122.6,7.08
2018-05-28,7.25,0.38,43122.6,7.07
2018-05-25,7.25,0.38,43122.6,6.98
2018-05-24,7.25,0.38,43122.6,6.84
2018-05-23,7.25,0.38,43122.6,6.98
2018-05-22,7.25,0.38,43122.6,7.05
2018-05-21,7.25,0.38,43122.6,7.05
2018-05-18,7.25,0.38,43122.6,7.15
2018-05-17,7.25,0.38,43122.6,7.1
2018-05-16,7.25,0.38,43122.6,7.04
2018-05-15,7.25,0.38,43122.6,6.98
2018-05-14,7.25,0.38,43122.6,6.87
2018-05-11,7.25,0.38,43122.6,6.77
2018-05-10,7.25,0.38,43122.6,6.79
2018-05-08,7.25,0.38,43122.6,6.47
2018-05-07,7.25,0.38,43122.6,6.7
2018-05-04,7.25,0.38,43122.6,6.84
2018-05-03,7.25,0.38,43122.6,7
2018-04-28,7.25,0.38,42376.2,7.07
2018-04-27,7.25,0.38,42376.2,7
2018-04-26,7.25,0.38,42376.2,7.05
2018-04-25,7.25,0.38,42376.2,6.91
2018-04-24,7.25,0.38,42376.2,6.8
2018-04-23,7.25,0.38,42376.2,6.8
2018-04-20,7.25,0.38,42376.2,7.03
2018-04-19,7.25,0.38,42376.2,7.02
2018-04-18,7.25,0.38,42376.2,7.1
2018-04-17,7.25,0.38,42376.2,7.01
2018-04-16,7.25,0.38,42376.2,7.01
2018-04-13,7.25,0.38,42376.2,6.99
2018-04-12,7.25,0.38,42376.2,6.99
2018-04-11,7.25,0.38,42376.2,7
2018-04-10,7.25,0.38,42376.2,7.24
2018-04-09,7.25,0.38,42376.2,7.07
2018-04-06,7.25,0.38,42376.2,7.06
2018-04-05,7.25,0.38,42376.2,7.01
2018-04-04,7.25,0.38,42376.2,6.94
2018-04-03,7.25,0.38,42376.2,6.98
2018-04-02,7.25,0.38,42376.2,7.07
2018-03-30,7.25,0.29,42046.2,7.19
2018-03-29,7.25,0.29,42046.2,7
2018-03-28,7.25,0.29,42046.2,6.88
2018-03-27,7.25,0.29,42046.2,7.08
2018-03-26,7.25,0.29,42046.2,7.15
2018-03-23,7.5,0.29,42046.2,6.9
2018-03-22,7.5,0.29,42046.2,7.12
2018-03-21,7.5,0.29,42046.2,7.04
2018-03-20,7.5,0.29,42046.2,7.16
2018-03-19,7.5,0.29,42046.2,7.14
2018-03-16,7.5,0.29,42046.2,7.15
2018-03-15,7.5,0.29,42046.2,7.28
2018-03-14,7.5,0.29,42046.2,7.31
2018-03-13,7.5,0.29,42046.2,7.31
2018-03-12,7.5,0.29,42046.2,7.31
2018-03-07,7.5,0.29,42046.2,7.18
2018-03-06,7.5,0.29,42046.2,7.11
2018-03-05,7.5,0.29,42046.2,7.25
2018-03-02,7.5,0.29,42046.2,7.16
2018-03-01,7.5,0.29,42046.2,7.38
2018-02-28,7.5,0.21,41598.1,7.5
2018-02-27,7.5,0.21,41598.1,7.45
2018-02-26,7.5,0.21,41598.1,7.3
2018-02-22,7.5,0.21,41598.1,7.23
2018-02-21,7.5,0.21,41598.1,7.29
2018-02-20,7.5,0.21,41598.1,7.28
2018-02-19,7.5,0.21,41598.1,7.28
2018-02-16,7.5,0.21,41598.1,7.21
2018-02-15,7.5,0.21,41598.1,7.08
2018-02-14,7.5,0.21,41598.1,6.96
2018-02-13,7.5,0.21,41598.1,6.83
2018-02-12,7.5,0.21,41598.1,6.78
2018-02-09,7.75,0.21,41598.1,6.99
2018-02-08,7.75,0.21,41598.1,7.06
2018-02-07,7.75,0.21,41598.1,7.07
2018-02-06,7.75,0.21,41598.1,7.23
2018-02-05,7.75,0.21,41598.1,7.19
2018-02-02,7.75,0.21,41598.1,7.09
2018-02-01,7.75,0.21,41598.1,7.26
2018-01-31,7.75,0.31,42442.2,7.12
2018-01-30,7.75,0.31,42442.2,7.37
2018-01-29,7.75,0.31,42442.2,7.35
2018-01-26,7.75,0.31,42442.2,7.25
2018-01-25,7.75,0.31,42442.2,7.21
2018-01-24,7.75,0.31,42442.2,6.93
2018-01-23,7.75,0.31,42442.2,6.95
2018-01-22,7.75,0.31,42442.2,7.01
2018-01-19,7.75,0.31,42442.2,7.01
2018-01-18,7.75,0.31,42442.2,7.07
2018-01-17,7.75,0.31,42442.2,6.98
2018-01-16,7.75,0.31,42442.2,7.02
2018-01-15,7.75,0.31,42442.2,7
2018-01-12,7.75,0.31,42442.2,7
2018-01-11,7.75,0.31,42442.2,7.04
2018-01-10,7.75,0.31,42442.2,7.16
2018-01-09,7.75,0.31,42442.2,6.88
2017-12-28,7.75,0.42,40114.5,7.19
2017-12-27,7.75,0.42,40114.5,7.41
2017-12-26,7.75,0.42,40114.5,7.58
2017-12-25,7.75,0.42,40114.5,7.84
2017-12-22,7.75,0.42,40114.5,7.54
2017-12-21,7.75,0.42,40114.5,7.5
2017-12-20,7.75,0.42,40114.5,7.5
2017-12-19,7.75,0.42,40114.5,7.48
2017-12-18,7.75,0.42,40114.5,7.54
2017-12-15,8.25,0.42,40114.5,7.9
2017-12-14,8.25,0.42,40114.5,7.85
2017-12-13,8.25,0.42,40114.5,7.97
2017-12-12,8.25,0.42,40114.5,7.99
2017-12-11,8.25,0.42,40114.5,7.98
2017-12-08,8.25,0.42,40114.5,8.09
2017-12-07,8.25,0.42,40114.5,8.11
2017-12-06,8.25,0.42,40114.5,8.07
2017-12-05,8.25,0.42,40114.5,8.07
2017-12-04,8.25,0.42,40114.5,7.83
2017-12-01,8.25,0.42,40114.5,8.21
2017-11-30,8.25,0.22,39667.7,8.24
2017-11-29,8.25,0.22,39667.7,8.28
2017-11-28,8.25,0.22,39667.7,8.2
2017-11-27,8.25,0.22,39667.7,8.03
2017-11-24,8.25,0.22,39667.7,7.97
2017-11-23,8.25,0.22,39667.7,7.95
2017-11-22,8.25,0.22,39667.7,7.96
2017-11-21,8.25,0.22,39667.7,7.98
2017-11-20,8.25,0.22,39667.7,8
2017-11-17,8.25,0.22,39667.7,7.99
2017-11-16,8.25,0.22,39667.7,7.99
2017-11-15,8.25,0.22,39667.7,7.98
2017-11-14,8.25,0.22,39667.7,7.92
2017-11-13,8.25,0.22,39667.7,7.86
2017-11-10,8.25,0.22,39667.7,7.83
2017-11-09,8.25,0.22,39667.7,7.74
2017-11-08,8.25,0.22,39667.7,7.76
2017-11-07,8.25,0.22,39667.7,7.74
2017-11-03,8.25,0.22,39667.7,7.98
2017-11-02,8.25,0.22,39667.7,8.23
2017-11-01,8.25,0.22,39667.7,8.1
2017-10-31,8.25,0.2,39572.4,8.02
2017-10-30,8.25,0.2,39572.4,8.11
2017-10-27,8.5,0.2,39572.4,7.82
2017-10-26,8.5,0.2,39572.4,7.99
2017-10-25,8.5,0.2,39572.4,7.86
2017-10-24,8.5,0.2,39572.4,7.78
2017-10-23,8.5,0.2,39572.4,7.98
2017-10-20,8.5,0.2,39572.4,7.73
2017-10-19,8.5,0.2,39572.4,7.85
2017-10-18,8.5,0.2,39572.4,7.87
2017-10-17,8.5,0.2,39572.4,7.95
2017-10-16,8.5,0.2,39572.4,8.2
2017-10-13,8.5,0.2,39572.4,8.16
2017-10-12,8.5,0.2,39572.4,8.18
2017-10-11,8.5,0.2,39572.4,7.92
2017-10-10,8.5,0.2,39572.4,8.26
2017-10-09,8.5,0.2,39572.4,8.37
2017-10-06,8.5,0.2,39572.4,8.3
2017-10-05,8.5,0.2,39572.4,7.95
2017-10-04,8.5,0.2,39572.4,7.99
2017-10-03,8.5,0.2,39572.4,8.22
2017-10-02,8.5,0.2,39572.4,8.25
2017-09-29,8.5,-0.15,39419.7,8.49
2017-09-28,8.5,-0.15,39419.7,8.47
2017-09-27,8.5,-0.15,39419.7,8.21
2017-09-26,8.5,-0.15,39419.7,7.98
2017-09-25,8.5,-0.15,39419.7,8.05
2017-09-22,8.5,-0.15,39419.7,7.99
2017-09-21,8.5,-0.15,39419.7,8.02
2017-09-20,8.5,-0.15,39419.7,8
2017-09-19,8.5,-0.15,39419.7,8.04
2017-09-18,8.5,-0.15,39419.7,7.96
2017-09-15,9,-0.15,39419.7,8.69
2017-09-14,9,-0.15,39419.7,8.61
2017-09-13,9,-0.15,39419.7,8.24
2017-09-12,9,-0.15,39419.7,8.19
2017-09-11,9,-0.15,39419.7,8.44
2017-09-08,9,-0.15,39419.7,8.42
2017-09-07,9,-0.15,39419.7,8.46
2017-09-06,9,-0.15,39419.7,8.49
2017-09-05,9,-0.15,39419.7,8.58
2017-09-04,9,-0.15,39419.7,8.94
2017-09-01,9,-0.15,39419.7,8.78
2017-08-31,9,-0.54,39276.3,8.71
2017-08-30,9,-0.54,39276.3,8.56
2017-08-29,9,-0.54,39276.3,8.55
2017-08-28,9,-0.54,39276.3,8.58
2017-08-25,9,-0.54,39276.3,8.53
2017-08-24,9,-0.54,39276.3,8.37
2017-08-23,9,-0.54,39276.3,8.4
2017-08-22,9,-0.54,39276.3,8.57
2017-08-21,9,-0.54,39276.3,8.56
2017-08-18,9,-0.54,39276.3,8.52
2017-08-17,9,-0.54,39276.3,8.51
2017-08-16,9,-0.54,39276.3,8.5
2017-08-15,9,-0.54,39276.3,8.33
2017-08-14,9,-0.54,39276.3,8.25
2017-08-11,9,-0.54,39276.3,8.35
2017-08-10,9,-0.54,39276.3,8.44
2017-08-09,9,-0.54,39276.3,8.63
2017-08-08,9,-0.54,39276.3,8.22
2017-08-07,9,-0.54,39276.3,8.24
2017-08-04,9,-0.54,39276.3,8.34
2017-08-03,9,-0.54,39276.3,8.64
2017-08-02,9,-0.54,39276.3,8.7
2017-08-01,9,-0.54,39276.3,8.9
2017-07-31,9,0.07,39623.1,9.24
2017-07-28,9,0.07,39623.1,9.17
2017-07-27,9,0.07,39623.1,9.13
2017-07-26,9,0.07,39623.1,9.05
2017-07-25,9,0.07,39623.1,8.93
2017-07-24,9,0.07,39623.1,8.94
2017-07-21,9,0.07,39623.1,8.96
2017-07-20,9,0.07,39623.1,8.95
2017-07-19,9,0.07,39623.1,8.91
2017-07-18,9,0.07,39623.1,8.86
2017-07-17,9,0.07,39623.1,8.96
2017-07-14,9,0.07,39623.1,8.75
2017-07-13,9,0.07,39623.1,8.82
2017-07-12,9,0.07,39623.1,8.79
2017-07-11,9,0.07,39623.1,8.48
2017-07-10,9,0.07,39623.1,8.64
2017-07-07,9,0.07,39623.1,8.98
2017-07-06,9,0.07,39623.1,9.02
2017-07-05,9,0.07,39623.1,9
2017-07-04,9,0.07,39623.1,9.02
2017-07-03,9,0.07,39623.1,9.03
2017-06-30,9,0.61,39223.2,9.09
2017-06-29,9,0.61,39223.2,9.15
2017-06-28,9,0.61,39223.2,9.09
2017-06-27,9,0.61,39223.2,9.05
2017-06-26,9,0.61,39223.2,8.9
2017-06-23,9,0.61,39223.2,8.64
2017-06-22,9,0.61,39223.2,8.77
2017-06-21,9,0.61,39223.2,8.99
2017-06-20,9,0.61,39223.2,9.03
2017-06-19,9,0.61,39223.2,9.02
2017-06-16,9.25,0.61,39223.2,9.27
2017-06-15,9.25,0.61,39223.2,9.26
2017-06-14,9.25,0.61,39223.2,9.19
2017-06-13,9.25,0.61,39223.2,9.07
2017-06-09,9.25,0.61,39223.2,9.07
2017-06-08,9.25,0.61,39223.2,9.08
2017-06-07,9.25,0.61,39223.2,9.14
2017-06-06,9.25,0.61,39223.2,9.61
2017-06-05,9.25,0.61,39223.2,9.45
2017-06-02,9.25,0.61,39223.2,9.2
2017-06-01,9.25,0.61,39223.2,9.19
2017-05-31,9.25,0.37,38664.1,9.15
2017-05-30,9.25,0.37,38664.1,9.18
2017-05-29,9.25,0.37,38664.1,9.27
2017-05-26,9.25,0.37,38664.1,9.07
2017-05-25,9.25,0.37,38664.1,9.12
2017-05-24,9.25,0.37,38664.1,8.85
2017-05-23,9.25,0.37,38664.1,8.99
2017-05-22,9.25,0.37,38664.1,8.93
2017-05-19,9.25,0.37,38664.1,9.1
2017-05-18,9.25,0.37,38664.1,9.08
2017-05-17,9.25,0.37,38664.1,9.05
2017-05-16,9.25,0.37,38664.1,8.86
2017-05-15,9.25,0.37,38664.1,9
2017-05-12,9.25,0.37,38664.1,8.99
2017-05-11,9.25,0.37,38664.1,9.02
2017-05-10,9.25,0.37,38664.1,9.27
2017-05-05,9.25,0.37,38664.1,9.42
2017-05-04,9.25,0.37,38664.1,9.52
2017-05-03,9.25,0.37,38664.1,9.4
2017-05-02,9.25,0.37,38664.1,9.11
2017-04-28,9.75,0.33,38555.5,9.71
2017-04-27,9.75,0.33,38555.5,9.59
2017-04-26,9.75,0.33,38555.5,9.61
2017-04-25,9.75,0.33,38555.5,9.77
2017-04-24,9.75,0.33,38555.5,9.52
2017-04-21,9.75,0.33,38555.5,9.55
2017-04-20,9.75,0.33,38555.5,9.61
2017-04-19,9.75,0.33,38555.5,9.58
2017-04-18,9.75,0.33,38555.5,9.57
2017-04-17,9.75,0.33,38555.5,9.61
2017-04-14,9.75,0.33,38555.5,9.62
2017-04-13,9.75,0.33,38555.5,9.54
2017-04-12,9.75,0.33,38555.5,9.57
2017-04-11,9.75,0.33,38555.5,9.23
2017-04-10,9.75,0.33,38555.5,9.38
2017-04-07,9.75,0.33,38555.5,9.3
2017-04-06,9.75,0.33,38555.5,9.29
2017-04-05,9.75,0.33,38555.5,9.35
2017-04-04,9.75,0.33,38555.5,9.71
2017-04-03,9.75,0.33,38555.5,9.88
2017-03-31,9.75,0.13,38462.6,9.82
2017-03-30,9.75,0.13,38462.6,10.03
2017-03-29,9.75,0.13,38462.6,10
2017-03-28,9.75,0.13,38462.6,9.8
2017-03-27,9.75,0.13,38462.6,9.77
2017-03-24,10,0.13,38462.6,9.74
2017-03-23,10,0.13,38462.6,9.98
2017-03-22,10,0.13,38462.6,9.95
2017-03-21,10,0.13,38462.6,10
2017-03-20,10,0.13,38462.6,10.02
2017-03-17,10,0.13,38462.6,9.94
2017-03-16,10,0.13,38462.6,9.94
2017-03-15,10,0.13,38462.6,10.02
2017-03-14,10,0.13,38462.6,10.02
2017-03-13,10,0.13,38462.6,9.91
2017-03-10,10,0.13,38462.6,9.92
2017-03-09,10,0.13,38462.6,9.94
2017-03-07,10,0.13,38462.6,9.53
2017-03-06,10,0.13,38462.6,9.68
2017-03-03,10,0.13,38462.6,9.74
2017-03-02,10,0.13,38462.6,9.85
2017-03-01,10,0.13,38462.6,9.99
2017-02-28,10,0.22,38017.1,10
2017-02-27,10,0.22,38017.1,10.15
2017-02-22,10,0.22,38017.1,10.08
2017-02-21,10,0.22,38017.1,10.17
2017-02-20,10,0.22,38017.1,10.15
2017-02-17,10,0.22,38017.1,10.32
2017-02-16,10,0.22,38017.1,10.39
2017-02-15,10,0.22,38017.1,10.45
2017-02-14,10,0.22,38017.1,10.18
2017-02-13,10,0.22,38017.1,10.21
2017-02-10,10,0.22,38017.1,10.3
2017-02-09,10,0.22,38017.1,10.25
2017-02-08,10,0.22,38017.1,10.24
2017-02-07,10,0.22,38017.1,9.9
2017-02-06,10,0.22,38017.1,9.77
2017-02-03,10,0.22,38017.1,9.96
2017-02-02,10,0.22,38017.1,10.13
2017-02-01,10,0.22,38017.1,10.24
2017-01-31,10,0.62,38417.7,10.24
2017-01-30,10,0.62,38417.7,10.27
2017-01-27,10,0.62,38417.7,10.33
2017-01-26,10,0.62,38417.7,10.38
2017-01-25,10,0.62,38417.7,10.23
2017-01-24,10,0.62,38417.7,9.82
2017-01-23,10,0.62,38417.7,9.82
2017-01-20,10,0.62,38417.7,10.1
2017-01-19,10,0.62,38417.7,10.19
2017-01-18,10,0.62,38417.7,10.26
2017-01-17,10,0.62,38417.7,10.21
2017-01-16,10,0.62,38417.7,10.22
2017-01-13,10,0.62,38417.7,10.06
2017-01-12,10,0.62,38417.7,9.93
2017-01-11,10,0.62,38417.7,9.97
2017-01-10,10,0.62,38417.7,9.93
2017-01-09,10,0.62,38417.7,10.13
2016-12-29,10,0.4,36433,10.5
2016-12-28,10,0.4,36433,10.47
2016-12-27,10,0.4,36433,10.36
2016-12-26,10,0.4,36433,10.25
2016-12-23,10,0.4,36433,10.08
2016-12-22,10,0.4,36433,10.18
2016-12-21,10,0.4,36433,10.14
2016-12-20,10,0.4,36433,10.14
2016-12-19,10,0.4,36433,10.12
2016-12-16,10,0.4,36433,9.98
2016-12-15,10,0.4,36433,10.04
2016-12-14,10,0.4,36433,10.17
2016-12-13,10,0.4,36433,10.18
2016-12-12,10,0.4,36433,10.16
2016-12-09,10,0.4,36433,10.21
2016-12-08,10,0.4,36433,10.19
2016-12-07,10,0.4,36433,10.13
2016-12-06,10,0.4,36433,10.13
2016-12-05,10,0.4,36433,10.22
2016-12-02,10,0.4,36433,10.16
2016-12-01,10,0.4,36433,9.98
2016-11-30,10,0.44,36051.1,10.09
2016-11-29,10,0.44,36051.1,10.17
2016-11-28,10,0.44,36051.1,10.41
2016-11-25,10,0.44,36051.1,10.21
2016-11-24,10,0.44,36051.1,10.1
2016-11-23,10,0.44,36051.1,9.97
2016-11-22,10,0.44,36051.1,10.08
2016-11-21,10,0.44,36051.1,10.19
2016-11-18,10,0.44,36051.1,10.1
2016-11-17,10,0.44,36051.1,10.14
2016-11-16,10,0.44,36051.1,10.09
2016-11-15,10,0.44,36051.1,10.18
2016-11-14,10,0.44,36051.1,10.2
2016-11-11,10,0.44,36051.1,10.03
2016-11-10,10,0.44,36051.1,10.05
2016-11-09,10,0.44,36051.1,10.01
2016-11-08,10,0.44,36051.1,9.37
2016-11-07,10,0.44,36051.1,9.22
2016-11-03,10,0.44,36051.1,9.5
2016-11-02,10,0.44,36051.1,9.75
2016-11-01,10,0.44,36051.1,10.04
2016-10-31,10,0.43,36148.8,10.36
2016-10-28,10,0.43,36148.8,10.23
2016-10-27,10,0.43,36148.8,10.16
2016-10-26,10,0.43,36148.8,10.17
2016-10-25,10,0.43,36148.8,10.32
2016-10-24,10,0.43,36148.8,10.17
2016-10-21,10,0.43,36148.8,10.33
2016-10-20,10,0.43,36148.8,10.35
2016-10-19,10,0.43,36148.8,10.47
2016-10-18,10,0.43,36148.8,10.45
2016-10-17,10,0.43,36148.8,10.44
2016-10-14,10,0.43,36148.8,10.47
2016-10-13,10,0.43,36148.8,10.5
2016-10-12,10,0.43,36148.8,10.43
2016-10-11,10,0.43,36148.8,10.5
2016-10-10,10,0.43,36148.8,10.46
2016-10-07,10,0.43,36148.8,10.32
2016-10-06,10,0.43,36148.8,10.27
2016-10-05,10,0.43,36148.8,10.18
2016-10-04,10,0.43,36148.8,10.21
2016-10-03,10,0.43,36148.8,9.98
2016-09-30,10,0.17,36145.6,10.55
2016-09-29,10,0.17,36145.6,10.5
2016-09-28,10,0.17,36145.6,10.28
2016-09-27,10,0.17,36145.6,10.01
2016-09-26,10,0.17,36145.6,9.98
2016-09-23,10,0.17,36145.6,9.66
2016-09-22,10,0.17,36145.6,9.71
2016-09-21,10,0.17,36145.6,9.8
2016-09-20,10,0.17,36145.6,10.17
2016-09-19,10,0.17,36145.6,10.18
2016-09-16,10.5,0.17,36145.6,10.62
2016-09-15,10.5,0.17,36145.6,10.65
2016-09-14,10.5,0.17,36145.6,10.5
2016-09-13,10.5,0.17,36145.6,10.38
2016-09-12,10.5,0.17,36145.6,10.4
2016-09-09,10.5,0.17,36145.6,10.26
2016-09-08,10.5,0.17,36145.6,10.25
2016-09-07,10.5,0.17,36145.6,10.21
2016-09-06,10.5,0.17,36145.6,10.31
2016-09-05,10.5,0.17,36145.6,10.31
2016-09-02,10.5,0.17,36145.6,10.28
2016-09-01,10.5,0.17,36145.6,10.25
2016-08-31,10.5,0.01,36031.2,10.3
2016-08-30,10.5,0.01,36031.2,10.26
2016-08-29,10.5,0.01,36031.2,10.29
2016-08-26,10.5,0.01,36031.2,10.35
2016-08-25,10.5,0.01,36031.2,10.28
2016-08-24,10.5,0.01,36031.2,10.07
2016-08-23,10.5,0.01,36031.2,10.2
2016-08-22,10.5,0.01,36031.2,10.3
2016-08-19,10.5,0.01,36031.2,10.28
2016-08-18,10.5,0.01,36031.2,10.35
2016-08-17,10.5,0.01,36031.2,10.28
2016-08-16,10.5,0.01,36031.2,10.35
2016-08-15,10.5,0.01,36031.2,10.33
2016-08-12,10.5,0.01,36031.2,10.39
2016-08-11,10.5,0.01,36031.2,10.37
2016-08-10,10.5,0.01,36031.2,10.38
2016-08-09,10.5,0.01,36031.2,10.39
2016-08-08,10.5,0.01,36031.2,10.37
2016-08-05,10.5,0.01,36031.2,10.36
2016-08-04,10.5,0.01,36031.2,10.33
2016-08-03,10.5,0.01,36031.2,10.33
2016-08-02,10.5,0.01,36031.2,9.97
2016-08-01,10.5,0.01,36031.2,10.17
2016-07-29,10.5,0.54,35856.9,10.34
2016-07-28,10.5,0.54,35856.9,10.46
2016-07-27,10.5,0.54,35856.9,10.37
2016-07-26,10.5,0.54,35856.9,10.47
2016-07-25,10.5,0.54,35856.9,10.3
2016-07-22,10.5,0.54,35856.9,10.08
2016-07-21,10.5,0.54,35856.9,10.41
2016-07-20,10.5,0.54,35856.9,10.37
2016-07-19,10.5,0.54,35856.9,10.38
2016-07-18,10.5,0.54,35856.9,10.44
2016-07-15,10.5,0.54,35856.9,10.17
2016-07-14,10.5,0.54,35856.9,10.31
2016-07-13,10.5,0.54,35856.9,10.37
2016-07-12,10.5,0.54,35856.9,10.31
2016-07-11,10.5,0.54,35856.9,10.2
2016-07-08,10.5,0.54,35856.9,10.3
2016-07-07,10.5,0.54,35856.9,10.27
2016-07-06,10.5,0.54,35856.9,10.16
2016-07-05,10.5,0.54,35856.9,9.97
2016-07-04,10.5,0.54,35856.9,9.93
2016-07-01,10.5,0.54,35856.9,10.18
2016-06-30,10.5,0.36,35642.9,10.41
2016-06-29,10.5,0.36,35642.9,10.38
2016-06-28,10.5,0.36,35642.9,10.48
2016-06-27,10.5,0.36,35642.9,10.43
2016-06-24,10.5,0.36,35642.9,9.95
2016-06-23,10.5,0.36,35642.9,10.14
2016-06-22,10.5,0.36,35642.9,10.27
2016-06-21,10.5,0.36,35642.9,10.26
2016-06-20,10.5,0.36,35642.9,10.42
2016-06-17,10.5,0.36,35642.9,10.33
2016-06-16,10.5,0.36,35642.9,10.36
2016-06-15,10.5,0.36,35642.9,10.51
2016-06-14,10.5,0.36,35642.9,10.32
2016-06-10,11,0.36,35642.9,10.65
2016-06-09,11,0.36,35642.9,10.76
2016-06-08,11,0.36,35642.9,10.95
2016-06-07,11,0.36,35642.9,10.66
2016-06-06,11,0.36,35642.9,10.81
2016-06-03,11,0.36,35642.9,11.07
2016-06-02,11,0.36,35642.9,11.24
2016-06-01,11,0.36,35642.9,11.24
2016-05-31,11,0.41,35103.6,11.24
2016-05-30,11,0.41,35103.6,11.3
2016-05-27,11,0.41,35103.6,11.31
2016-05-26,11,0.41,35103.6,11.28
2016-05-25,11,0.41,35103.6,11.32
2016-05-24,11,0.41,35103.6,11.32
2016-05-23,11,0.41,35103.6,11.23
2016-05-20,11,0.41,35103.6,11.24
2016-05-19,11,0.41,35103.6,11.15
2016-05-18,11,0.41,35103.6,11.11
2016-05-17,11,0.41,35103.6,11.05
2016-05-16,11,0.41,35103.6,11.42
2016-05-13,11,0.41,35103.6,11.1
2016-05-12,11,0.41,35103.6,11
2016-05-11,11,0.41,35103.6,10.38
2016-05-10,11,0.41,35103.6,10.28
2016-05-06,11,0.41,35103.6,10.45
2016-05-05,11,0.41,35103.6,10.96
2016-05-04,11,0.41,35103.6,11.04
2016-04-29,11,0.44,34688.8,11.09
2016-04-28,11,0.44,34688.8,10.84
2016-04-27,11,0.44,34688.8,10.54
2016-04-26,11,0.44,34688.8,10.53
2016-04-25,11,0.44,34688.8,10.65
2016-04-22,11,0.44,34688.8,10.31
2016-04-21,11,0.44,34688.8,10.32
2016-04-20,11,0.44,34688.8,10.57
2016-04-19,11,0.44,34688.8,11
2016-04-18,11,0.44,34688.8,11.02
2016-04-15,11,0.44,34688.8,10.94
2016-04-14,11,0.44,34688.8,10.76
2016-04-13,11,0.44,34688.8,10.63
2016-04-12,11,0.44,34688.8,10.71
2016-04-11,11,0.44,34688.8,10.75
2016-04-08,11,0.44,34688.8,10.9
2016-04-07,11,0.44,34688.8,10.83
2016-04-06,11,0.44,34688.8,10.71
2016-04-05,11,0.44,34688.8,10.45
2016-04-04,11,0.44,34688.8,10.46
2016-04-01,11,0.44,34688.8,10.95
2016-03-31,11,0.46,34309.6,11.29
2016-03-30,11,0.46,34309.6,11.22
2016-03-29,11,0.46,34309.6,11.16
2016-03-28,11,0.46,34309.6,11.31
2016-03-25,11,0.46,34309.6,11.13
2016-03-24,11,0.46,34309.6,10.79
2016-03-23,11,0.46,34309.6,10.54
2016-03-22,11,0.46,34309.6,10.56
2016-03-21,11,0.46,34309.6,10.65
2016-03-18,11,0.46,34309.6,10.7
2016-03-17,11,0.46,34309.6,10.91
2016-03-16,11,0.46,34309.6,10.89
2016-03-15,11,0.46,34309.6,11.1
2016-03-14,11,0.46,34309.6,11.07
2016-03-11,11,0.46,34309.6,10.83
2016-03-10,11,0.46,34309.6,10.86
2016-03-09,11,0.46,34309.6,10.91
2016-03-04,11,0.46,34309.6,10.79
2016-03-03,11,0.46,34309.6,11.05
2016-03-02,11,0.46,34309.6,10.9
2016-03-01,11,0.46,34309.6,10.93
2016-02-29,11,0.63,33935,10.93
2016-02-26,11,0.63,33935,11.13
2016-02-25,11,0.63,33935,11.05
2016-02-24,11,0.63,33935,11
2016-02-20,11,0.63,33935,10.87
2016-02-19,11,0.63,33935,11.03
2016-02-18,11,0.63,33935,10.98
2016-02-17,11,0.63,33935,11.16
2016-02-16,11,0.63,33935,10.88
2016-02-15,11,0.63,33935,10.7
2016-02-12,11,0.63,33935,10.66
2016-02-11,11,0.63,33935,10.71
2016-02-10,11,0.63,33935,10.82
2016-02-09,11,0.63,33935,10.62
2016-02-08,11,0.63,33935,10.62
2016-02-05,11,0.63,33935,10.8
2016-02-04,11,0.63,33935,11.01
2016-02-03,11,0.63,33935,10.99
2016-02-02,11,0.63,33935,10.72
2016-02-01,11,0.63,33935,10.88
2016-01-29,11,0.96,35179.7,11.07
2016-01-28,11,0.96,35179.7,11.11
2016-01-27,11,0.96,35179.7,11.2
2016-01-26,11,0.96,35179.7,11.12
2016-01-25,11,0.96,35179.7,11.17
2016-01-22,11,0.96,35179.7,11.06
2016-01-21,11,0.96,35179.7,11.03
2016-01-20,11,0.96,35179.7,11.1
2016-01-19,11,0.96,35179.7,11.08
2016-01-18,11,0.96,35179.7,11.09
2016-01-15,11,0.96,35179.7,11.02
2016-01-14,11,0.96,35179.7,11.06
2016-01-13,11,0.96,35179.7,11.01
2016-01-12,11,0.96,35179.7,10.95
2016-01-11,11,0.96,35179.7,10.85
2015-12-30,11,0.77,32743.4,10.52
2015-12-29,11,0.77,32743.4,11.01
2015-12-28,11,0.77,32743.4,10.95
2015-12-25,11,0.77,32743.4,11.08
2015-12-24,11,0.77,32743.4,10.83
2015-12-23,11,0.77,32743.4,10.99
2015-12-22,11,0.77,32743.4,11.06
2015-12-21,11,0.77,32743.4,11.2
2015-12-18,11,0.77,32743.4,11.29
2015-12-17,11,0.77,32743.4,11.34
2015-12-16,11,0.77,32743.4,11.17
2015-12-15,11,0.77,32743.4,11.46
2015-12-14,11,0.77,32743.4,11.54
2015-12-11,11,0.77,32743.4,11.54
2015-12-10,11,0.77,32743.4,11.64
2015-12-09,11,0.77,32743.4,11.3
2015-12-08,11,0.77,32743.4,11.78
2015-12-07,11,0.77,32743.4,11.56
2015-12-04,11,0.77,32743.4,11
2015-12-03,11,0.77,32743.4,10.92
2015-12-02,11,0.77,32743.4,11.11
2015-12-01,11,0.77,32743.4,11.19
2015-11-30,11,0.75,32161,11.32
2015-11-27,11,0.75,32161,11.45
2015-11-26,11,0.75,32161,11.48
2015-11-25,11,0.75,32161,11.19
2015-11-24,11,0.75,32161,11.61
2015-11-23,11,0.75,32161,11.5
2015-11-20,11,0.75,32161,11.64
2015-11-19,11,0.75,32161,11.67
2015-11-18,11,0.75,32161,11.68
2015-11-17,11,0.75,32161,11.68
2015-11-16,11,0.75,32161,11.62
2015-11-13,11,0.75,32161,11.55
2015-11-12,11,0.75,32161,11.6
2015-11-11,11,0.75,32161,11.32
2015-11-10,11,0.75,32161,11.43
2015-11-09,11,0.75,32161,10.88
2015-11-06,11,0.75,32161,11.39
2015-11-05,11,0.75,32161,11.25
2015-11-03,11,0.75,32161,11.32
2015-11-02,11,0.75,32161,11.33
2015-10-30,11,0.74,32052.5,11.46
2015-10-29,11,0.74,32052.5,11.42
2015-10-28,11,0.74,32052.5,11.42
2015-10-27,11,0.74,32052.5,11.35
2015-10-26,11,0.74,32052.5,11.5
2015-10-23,11,0.74,32052.5,11.4
2015-10-22,11,0.74,32052.5,11.36
2015-10-21,11,0.74,32052.5,11.38
2015-10-20,11,0.74,32052.5,11.35
2015-10-19,11,0.74,32052.5,11.34
2015-10-16,11,0.74,32052.5,11.47
2015-10-15,11,0.74,32052.5,11.33
2015-10-14,11,0.74,32052.5,11.39
2015-10-13,11,0.74,32052.5,11.38
2015-10-12,11,0.74,32052.5,11.01
2015-10-09,11,0.74,32052.5,10.46
2015-10-08,11,0.74,32052.5,10.48
2015-10-07,11,0.74,32052.5,10.3
2015-10-06,11,0.74,32052.5,10.3
2015-10-05,11,0.74,32052.5,10.8
2015-10-02,11,0.74,32052.5,11.41
2015-10-01,11,0.74,32052.5,11.26
2015-09-30,11,0.57,32257.3,11.45
2015-09-29,11,0.57,32257.3,11.38
2015-09-28,11,0.57,32257.3,11.43
2015-09-25,11,0.57,32257.3,11.45
2015-09-24,11,0.57,32257.3,11.01
2015-09-23,11,0.57,32257.3,11.13
2015-09-22,11,0.57,32257.3,11.61
2015-09-21,11,0.57,32257.3,11.54
2015-09-18,11,0.57,32257.3,11.4
2015-09-17,11,0.57,32257.3,11.42
2015-09-16,11,0.57,32257.3,11.62
2015-09-15,11,0.57,32257.3,11.68
2015-09-14,11,0.57,32257.3,11.57
2015-09-11,11,0.57,32257.3,11.03
2015-09-10,11,0.57,32257.3,10.5
2015-09-09,11,0.57,32257.3,10.39
2015-09-08,11,0.57,32257.3,10.4
2015-09-07,11,0.57,32257.3,10.4
2015-09-04,11,0.57,32257.3,10.6
2015-09-03,11,0.57,32257.3,10.64
2015-09-02,11,0.57,32257.3,10.58
2015-09-01,11,0.57,32257.3,10.91
2015-08-31,11,0.35,32046,11.04
2015-08-28,11,0.35,32046,11.06
2015-08-27,11,0.35,32046,11.21
2015-08-26,11,0.35,32046,11.21
2015-08-25,11,0.35,32046,11.11
2015-08-24,11,0.35,32046,11
2015-08-21,11,0.35,32046,10.99
2015-08-20,11,0.35,32046,11.01
2015-08-19,11,0.35,32046,11.08
2015-08-18,11,0.35,32046,11.18
2015-08-17,11,0.35,32046,11.1
2015-08-14,11,0.35,32046,11.17
2015-08-13,11,0.35,32046,10.88
2015-08-12,11,0.35,32046,10.59
2015-08-11,11,0.35,32046,10.59
2015-08-10,11,0.35,32046,10.45
2015-08-07,11,0.35,32046,10.3
2015-08-06,11,0.35,32046,10.21
2015-08-05,11,0.35,32046,10.16
2015-08-04,11,0.35,32046,10.17
2015-08-03,11,0.35,32046,10.45
2015-07-31,11.5,0.8,31936.3,11.19
2015-07-30,11.5,0.8,31936.3,10.97
2015-07-29,11.5,0.8,31936.3,11.22
2015-07-28,11.5,0.8,31936.3,11.56
2015-07-27,11.5,0.8,31936.3,11.55
2015-07-24,11.5,0.8,31936.3,10.97
2015-07-23,11.5,0.8,31936.3,10.95
2015-07-22,11.5,0.8,31936.3,11.53
2015-07-21,11.5,0.8,31936.3,12.17
2015-07-20,11.5,0.8,31936.3,12.14
2015-07-17,11.5,0.8,31936.3,12.25
2015-07-16,11.5,0.8,31936.3,12.14
2015-07-15,11.5,0.8,31936.3,12.04
2015-07-14,11.5,0.8,31936.3,11.92
2015-07-13,11.5,0.8,31936.3,11.93
2015-07-10,11.5,0.8,31936.3,11.54
2015-07-09,11.5,0.8,31936.3,10.73
2015-07-08,11.5,0.8,31936.3,10.59
2015-07-07,11.5,0.8,31936.3,10.65
2015-07-06,11.5,0.8,31936.3,10.91
2015-07-03,11.5,0.8,31936.3,11.39
2015-07-02,11.5,0.8,31936.3,11.84
2015-07-01,11.5,0.8,31936.3,12.13
2015-06-30,11.5,0.19,31820.4,12.4
2015-06-29,11.5,0.19,31820.4,12.3
2015-06-26,11.5,0.19,31820.4,12.26
2015-06-25,11.5,0.19,31820.4,12.12
2015-06-24,11.5,0.19,31820.4,11.86
2015-06-23,11.5,0.19,31820.4,11.99
2015-06-22,11.5,0.19,31820.4,12.05
2015-06-19,11.5,0.19,31820.4,12.03
2015-06-18,11.5,0.19,31820.4,12.18
2015-06-17,11.5,0.19,31820.4,12.17
2015-06-16,11.5,0.19,31820.4,12.06
2015-06-15,12.5,0.19,31820.4,12.75
2015-06-11,12.5,0.19,31820.4,12.69
2015-06-10,12.5,0.19,31820.4,13.03
2015-06-09,12.5,0.19,31820.4,13.12
2015-06-08,12.5,0.19,31820.4,13.1
2015-06-05,12.5,0.19,31820.4,13.06
2015-06-04,12.5,0.19,31820.4,13.25
2015-06-03,12.5,0.19,31820.4,12.74
2015-06-02,12.5,0.19,31820.4,12.52
2015-06-01,12.5,0.19,31820.4,12.8
2015-05-29,12.5,0.35,31696.9,13.19
2015-05-28,12.5,0.35,31696.9,12.99
2015-05-27,12.5,0.35,31696.9,13.03
2015-05-26,12.5,0.35,31696.9,13.03
2015-05-25,12.5,0.35,31696.9,12.78
2015-05-22,12.5,0.35,31696.9,12.26
2015-05-21,12.5,0.35,31696.9,12.01
2015-05-20,12.5,0.35,31696.9,12.43
2015-05-19,12.5,0.35,31696.9,13.19
2015-05-18,12.5,0.35,31696.9,13.27
2015-05-15,12.5,0.35,31696.9,13.23
2015-05-14,12.5,0.35,31696.9,13.15
2015-05-13,12.5,0.35,31696.9,13.08
2015-05-12,12.5,0.35,31696.9,12.79
2015-05-08,12.5,0.35,31696.9,11.74
2015-05-07,12.5,0.35,31696.9,12.21
2015-05-06,12.5,0.35,31696.9,12.81
2015-05-05,12.5,0.35,31696.9,13.11
2015-04-30,14,0.46,31028.4,14.45
2015-04-29,14,0.46,31028.4,14.8
2015-04-28,14,0.46,31028.4,14.57
2015-04-27,14,0.46,31028.4,14.6
2015-04-24,14,0.46,31028.4,14
2015-04-23,14,0.46,31028.4,13.51
2015-04-22,14,0.46,31028.4,14.47
2015-04-21,14,0.46,31028.4,14.97
2015-04-20,14,0.46,31028.4,14.99
2015-04-17,14,0.46,31028.4,14.78
2015-04-16,14,0.46,31028.4,14.85
2015-04-15,14,0.46,31028.4,14.77
2015-04-14,14,0.46,31028.4,14.74
2015-04-13,14,0.46,31028.4,14.71
2015-04-10,14,0.46,31028.4,14.24
2015-04-09,14,0.46,31028.4,13.55
2015-04-08,14,0.46,31028.4,13.73
2015-04-07,14,0.46,31028.4,13.75
2015-04-06,14,0.46,31028.4,14.01
2015-04-03,14,0.46,31028.4,14.16
2015-04-02,14,0.46,31028.4,14.26
2015-04-01,14,0.46,31028.4,14.27
2015-03-31,14,1.21,31224.9,14.66
2015-03-30,14,1.21,31224.9,14.63
2015-03-27,14,1.21,31224.9,14.73
2015-03-26,14,1.21,31224.9,14.69
2015-03-25,14,1.21,31224.9,14.7
2015-03-24,14,1.21,31224.9,14.5
2015-03-23,14,1.21,31224.9,14.45
2015-03-20,14,1.21,31224.9,14.51
2015-03-19,14,1.21,31224.9,14.75
2015-03-18,14,1.21,31224.9,14.76
2015-03-17,14,1.21,31224.9,14.34
2015-03-16,14,1.21,31224.9,14.05
2015-03-13,15,1.21,31224.9,14.33
2015-03-12,15,1.21,31224.9,14.71
2015-03-11,15,1.21,31224.9,15.18
2015-03-10,15,1.21,31224.9,15.5
2015-03-06,15,1.21,31224.9,14.56
2015-03-05,15,1.21,31224.9,15.49
2015-03-04,15,1.21,31224.9,15.59
2015-03-03,15,1.21,31224.9,15.5
2015-03-02,15,1.21,31224.9,15.7
2015-02-27,15,2.22,31033.5,15.49
2015-02-26,15,2.22,31033.5,15.54
2015-02-25,15,2.22,31033.5,15.47
2015-02-24,15,2.22,31033.5,14.99
2015-02-20,15,2.22,31033.5,15.01
2015-02-19,15,2.22,31033.5,15
2015-02-18,15,2.22,31033.5,14.98
2015-02-17,15,2.22,31033.5,15.42
2015-02-16,15,2.22,31033.5,15.15
2015-02-13,15,2.22,31033.5,15.23
2015-02-12,15,2.22,31033.5,15.24
2015-02-11,15,2.22,31033.5,15.34
2015-02-10,15,2.22,31033.5,15.47
2015-02-09,15,2.22,31033.5,14.85
2015-02-06,15,2.22,31033.5,14.58
2015-02-05,15,2.22,31033.5,14.59
2015-02-04,15,2.22,31033.5,14.82
2015-02-03,15,2.22,31033.5,14.85
2015-02-02,15,2.22,31033.5,14.95
2015-01-30,17,3.85,31615.7,16.63
2015-01-29,17,3.85,31615.7,16.74
2015-01-28,17,3.85,31615.7,16.8
2015-01-27,17,3.85,31615.7,16.97
2015-01-26,17,3.85,31615.7,16.86
2015-01-23,17,3.85,31615.7,16.81
2015-01-22,17,3.85,31615.7,16.85
2015-01-21,17,3.85,31615.7,16.91
2015-01-20,17,3.85,31615.7,16.97
2015-01-19,17,3.85,31615.7,16.96
2015-01-16,17,3.85,31615.7,16.93
2015-01-15,17,3.85,31615.7,17.1
2015-01-14,17,3.85,31615.7,17.07
2015-01-13,17,3.85,31615.7,17.19
2015-01-12,17,3.85,31615.7,17.55
2014-12-30,17,2.62,30141.9,17.39
2014-12-29,17,2.62,30141.9,16.96
2014-12-26,17,2.62,30141.9,16.97
2014-12-25,17,2.62,30141.9,16.75
2014-12-24,17,2.62,30141.9,18.37
2014-12-23,17,2.62,30141.9,19.93
2014-12-22,17,2.62,30141.9,23.36
2014-12-19,17,2.62,30141.9,24.3
2014-12-18,17,2.62,30141.9,28.65
2014-12-17,17,2.62,30141.9,23.62
2014-12-16,17,2.62,30141.9,18.69
2014-12-15,10.5,2.62,30141.9,11.84
2014-12-12,10.5,2.62,30141.9,11.62
2014-12-11,9.5,2.62,30141.9,11.5
2014-12-10,9.5,2.62,30141.9,10.64
2014-12-09,9.5,2.62,30141.9,10.33
2014-12-08,9.5,2.62,30141.9,10.18
2014-12-05,9.5,2.62,30141.9,9.73
2014-12-04,9.5,2.62,30141.9,9.41
2014-12-03,9.5,2.62,30141.9,9.42
2014-12-02,9.5,2.62,30141.9,9.88
2014-12-01,9.5,2.62,30141.9,10.33
2014-11-28,9.5,1.28,29831.2,10.69
2014-11-27,9.5,1.28,29831.2,10.46
2014-11-26,9.5,1.28,29831.2,10.57
2014-11-25,9.5,1.28,29831.2,10.93
2014-11-24,9.5,1.28,29831.2,10.66
2014-11-21,9.5,1.28,29831.2,10.6
2014-11-20,9.5,1.28,29831.2,10.22
2014-11-19,9.5,1.28,29831.2,10.03
2014-11-18,9.5,1.28,29831.2,9.89
2014-11-17,9.5,1.28,29831.2,9.94
2014-11-14,9.5,1.28,29831.2,9.69
2014-11-13,9.5,1.28,29831.2,9.9
2014-11-12,9.5,1.28,29831.2,10.18
2014-11-11,9.5,1.28,29831.2,9.86
2014-11-10,9.5,1.28,29831.2,10.02
2014-11-07,9.5,1.28,29831.2,9.82
2014-11-06,9.5,1.28,29831.2,10.22
2014-11-05,9.5,1.28,29831.2,10.39
2014-10-31,8,0.82,30297.6,9.06
2014-10-30,8,0.82,30297.6,8.73
2014-10-29,8,0.82,30297.6,8.77
2014-10-28,8,0.82,30297.6,8.73
2014-10-27,8,0.82,30297.6,8.64
2014-10-24,8,0.82,30297.6,8.55
2014-10-23,8,0.82,30297.6,8.63
2014-10-22,8,0.82,30297.6,8.44
2014-10-21,8,0.82,30297.6,8.62
2014-10-20,8,0.82,30297.6,8.64
2014-10-17,8,0.82,30297.6,8.42
2014-10-16,8,0.82,30297.6,8.59
2014-10-15,8,0.82,30297.6,8.53
2014-10-14,8,0.82,30297.6,8.45
2014-10-13,8,0.82,30297.6,8.15
2014-10-10,8,0.82,30297.6,8.04
2014-10-09,8,0.82,30297.6,7.5
2014-10-08,8,0.82,30297.6,7.41
2014-10-07,8,0.82,30297.6,7.25
2014-10-06,8,0.82,30297.6,7.23
2014-10-03,8,0.82,30297.6,7.3
2014-10-02,8,0.82,30297.6,7.71
2014-10-01,8,0.82,30297.6,7.9
2014-09-30,8,0.65,30338.7,8.08
2014-09-29,8,0.65,30338.7,7.91
2014-09-26,8,0.65,30338.7,8.03
2014-09-25,8,0.65,30338.7,7.95
2014-09-24,8,0.65,30338.7,7.83
2014-09-23,8,0.65,30338.7,7.96
2014-09-22,8,0.65,30338.7,8.12
2014-09-19,8,0.65,30338.7,7.91
2014-09-18,8,0.65,30338.7,8.16
2014-09-17,8,0.65,30338.7,8.84
2014-09-16,8,0.65,30338.7,8.57
2014-09-15,8,0.65,30338.7,8.19
2014-09-12,8,0.65,30338.7,8.1
2014-09-11,8,0.65,30338.7,7.98
2014-09-10,8,0.65,30338.7,7.73
2014-09-09,8,0.65,30338.7,7.25
2014-09-08,8,0.65,30338.7,7.26
2014-09-05,8,0.65,30338.7,7.41
2014-09-04,8,0.65,30338.7,7.56
2014-09-03,8,0.65,30338.7,7.78
2014-09-02,8,0.65,30338.7,8.02
2014-09-01,8,0.65,30338.7,8.13
2014-08-29,8,0.24,30178.3,8.11
2014-08-28,8,0.24,30178.3,8.08
2014-08-27,8,0.24,30178.3,8.18
2014-08-26,8,0.24,30178.3,8.36
2014-08-25,8,0.24,30178.3,8.38
2014-08-22,8,0.24,30178.3,8.09
2014-08-21,8,0.24,30178.3,8.01
2014-08-20,8,0.24,30178.3,8.2
2014-08-19,8,0.24,30178.3,8.36
2014-08-18,8,0.24,30178.3,7.89
2014-08-15,8,0.24,30178.3,7.43
2014-08-14,8,0.24,30178.3,7.48
2014-08-13,8,0.24,30178.3,7.82
2014-08-12,8,0.24,30178.3,8.12
2014-08-11,8,0.24,30178.3,8.24
2014-08-08,8,0.24,30178.3,7.46
2014-08-07,8,0.24,30178.3,7.33
2014-08-06,8,0.24,30178.3,7.39
2014-08-05,8,0.24,30178.3,7.24
2014-08-04,8,0.24,30178.3,7.26
2014-08-01,8,0.24,30178.3,7.46
2014-07-31,8,0.49,30071.8,8.1
2014-07-30,8,0.49,30071.8,8.64
2014-07-29,8,0.49,30071.8,8.77
2014-07-28,8,0.49,30071.8,8.96
2014-07-25,7.5,0.49,30071.8,8.39
2014-07-24,7.5,0.49,30071.8,8.05
2014-07-23,7.5,0.49,30071.8,8.23
2014-07-22,7.5,0.49,30071.8,8.41
2014-07-21,7.5,0.49,30071.8,8.6
2014-07-18,7.5,0.49,30071.8,8.41
2014-07-17,7.5,0.49,30071.8,8.12
2014-07-16,7.5,0.49,30071.8,8.2
2014-07-15,7.5,0.49,30071.8,8.5
2014-07-14,7.5,0.49,30071.8,8.36
2014-07-11,7.5,0.49,30071.8,8.35
2014-07-10,7.5,0.49,30071.8,7.94
2014-07-09,7.5,0.49,30071.8,6.87
2014-07-08,7.5,0.49,30071.8,7.47
2014-07-07,7.5,0.49,30071.8,7.73
2014-07-04,7.5,0.49,30071.8,7.24
2014-07-03,7.5,0.49,30071.8,7.36
2014-07-02,7.5,0.49,30071.8,7.96
2014-07-01,7.5,0.49,30071.8,8.17
2014-06-30,7.5,0.62,29890.8,8.63
2014-06-27,7.5,0.62,29890.8,8.4
2014-06-26,7.5,0.62,29890.8,8.45
2014-06-25,7.5,0.62,29890.8,8.47
2014-06-24,7.5,0.62,29890.8,8.2
2014-06-23,7.5,0.62,29890.8,8.21
2014-06-20,7.5,0.62,29890.8,8.29
2014-06-19,7.5,0.62,29890.8,8.21
2014-06-18,7.5,0.62,29890.8,8.34
2014-06-17,7.5,0.62,29890.8,8.38
2014-06-16,7.5,0.62,29890.8,8.4
2014-06-11,7.5,0.62,29890.8,8.35
2014-06-10,7.5,0.62,29890.8,8.35
2014-06-09,7.5,0.62,29890.8,8.41
2014-06-06,7.5,0.62,29890.8,7.96
2014-06-05,7.5,0.62,29890.8,7.82
2014-06-04,7.5,0.62,29890.8,7.56
2014-06-03,7.5,0.62,29890.8,7.35
2014-06-02,7.5,0.62,29890.8,7.68
2014-05-30,7.5,0.9,29879.2,8.19
2014-05-29,7.5,0.9,29879.2,8.27
2014-05-28,7.5,0.9,29879.2,8.08
2014-05-27,7.5,0.9,29879.2,7.94
2014-05-26,7.5,0.9,29879.2,8.11
2014-05-23,7.5,0.9,29879.2,7.55
2014-05-22,7.5,0.9,29879.2,8.25
2014-05-21,7.5,0.9,29879.2,8.3
2014-05-20,7.5,0.9,29879.2,8.46
2014-05-19,7.5,0.9,29879.2,8.42
2014-05-16,7.5,0.9,29879.2,8.36
2014-05-15,7.5,0.9,29879.2,8.27
2014-05-14,7.5,0.9,29879.2,8.2
2014-05-13,7.5,0.9,29879.2,8.24
2014-05-12,7.5,0.9,29879.2,8.32
2014-05-08,7.5,0.9,29879.2,7.03
2014-05-07,7.5,0.9,29879.2,7.98
2014-05-06,7.5,0.9,29879.2,8.46
2014-05-05,7.5,0.9,29879.2,8.47
2014-04-30,7.5,0.9,29519.3,8.69
2014-04-29,7.5,0.9,29519.3,8.55
2014-04-28,7.5,0.9,29519.3,8.48
2014-04-25,7,0.9,29519.3,8.09
2014-04-24,7,0.9,29519.3,7.84
2014-04-23,7,0.9,29519.3,7.88
2014-04-22,7,0.9,29519.3,7.85
2014-04-21,7,0.9,29519.3,7.9
2014-04-18,7,0.9,29519.3,7.84
2014-04-17,7,0.9,29519.3,7.8
2014-04-16,7,0.9,29519.3,7.76
2014-04-15,7,0.9,29519.3,7.78
2014-04-14,7,0.9,29519.3,7.76
2014-04-11,7,0.9,29519.3,7.58
2014-04-10,7,0.9,29519.3,7.34
2014-04-09,7,0.9,29519.3,6.5
2014-04-08,7,0.9,29519.3,7.64
2014-04-07,7,0.9,29519.3,7.67
2014-04-04,7,0.9,29519.3,7.66
2014-04-03,7,0.9,29519.3,7.76
2014-04-02,7,0.9,29519.3,7.75
2014-04-01,7,0.9,29519.3,7.95
2014-03-31,7,1.02,30169,8.15
2014-03-28,7,1.02,30169,8.04
2014-03-27,7,1.02,30169,8
2014-03-26,7,1.02,30169,7.97
2014-03-25,7,1.02,30169,8.03
2014-03-24,7,1.02,30169,7.84
2014-03-21,7,1.02,30169,7.92
2014-03-20,7,1.02,30169,7.94
2014-03-19,7,1.02,30169,7.84
2014-03-18,7,1.02,30169,7.77
2014-03-17,7,1.02,30169,7.6
2014-03-14,7,1.02,30169,7.53
2014-03-13,7,1.02,30169,7.93
2014-03-12,7,1.02,30169,7.95
2014-03-11,7,1.02,30169,7.94
2014-03-07,7,1.02,30169,7.64
2014-03-06,7,1.02,30169,7.68
2014-03-05,7,1.02,30169,7.7
2014-03-04,7,1.02,30169,7.7
2014-03-03,7,1.02,30169,7.44
2014-02-28,5.5,0.7,29861.2,6.32
2014-02-27,5.5,0.7,29861.2,6.23
2014-02-26,5.5,0.7,29861.2,6.29
2014-02-25,5.5,0.7,29861.2,6.38
2014-02-24,5.5,0.7,29861.2,5.99
2014-02-21,5.5,0.7,29861.2,6.25
2014-02-20,5.5,0.7,29861.2,6.02
2014-02-19,5.5,0.7,29861.2,6
2014-02-18,5.5,0.7,29861.2,6.07
2014-02-17,5.5,0.7,29861.2,6.14
2014-02-14,5.5,0.7,29861.2,5.83
2014-02-13,5.5,0.7,29861.2,5.56
2014-02-12,5.5,0.7,29861.2,5.87
2014-02-11,5.5,0.7,29861.2,6.07
2014-02-10,5.5,0.7,29861.2,5.5
2014-02-07,5.5,0.7,29861.2,4.87
2014-02-06,5.5,0.7,29861.2,5.56
2014-02-05,5.5,0.7,29861.2,5.83
2014-02-04,5.5,0.7,29861.2,6.22
2014-02-03,5.5,0.7,29861.2,6.27
2014-01-31,5.5,0.59,31155.6,6.29
2014-01-30,5.5,0.59,31155.6,6.33
2014-01-29,5.5,0.59,31155.6,6.27
2014-01-28,5.5,0.59,31155.6,6.23
2014-01-27,5.5,0.59,31155.6,6.29
2014-01-24,5.5,0.59,31155.6,6.1
2014-01-23,5.5,0.59,31155.6,6.19
2014-01-22,5.5,0.59,31155.6,6.32
2014-01-21,5.5,0.59,31155.6,6.18
2014-01-20,5.5,0.59,31155.6,6.03
2014-01-17,5.5,0.59,31155.6,5.94
2014-01-16,5.5,0.59,31155.6,5.68
2014-01-15,5.5,0.59,31155.6,5.6
2014-01-14,5.5,0.59,31155.6,5.69
2014-01-13,5.5,0.59,31155.6,6.31
2014-01-10,5.5,0.59,31155.6,5.84
2014-01-09,5.5,0.59,31155.6,5.51
2013-12-30,5.5,0.51,28873.3,6.24
2013-12-27,5.5,0.51,28873.3,6.5
2013-12-26,5.5,0.51,28873.3,6.58
2013-12-25,5.5,0.51,28873.3,6.48
2013-12-24,5.5,0.51,28873.3,6.39
2013-12-23,5.5,0.51,28873.3,6.55
2013-12-20,5.5,0.51,28873.3,6.6
2013-12-19,5.5,0.51,28873.3,6.51
2013-12-18,5.5,0.51,28873.3,6.52
2013-12-17,5.5,0.51,28873.3,6.49
2013-12-16,5.5,0.51,28873.3,6.52
2013-12-13,5.5,0.51,28873.3,6.36
2013-12-12,5.5,0.51,28873.3,6.31
2013-12-11,5.5,0.51,28873.3,6.47
2013-12-10,5.5,0.51,28873.3,6.49
2013-12-09,5.5,0.51,28873.3,6.28
2013-12-06,5.5,0.51,28873.3,6.38
2013-12-05,5.5,0.51,28873.3,6.43
2013-12-04,5.5,0.51,28873.3,6.05
2013-12-03,5.5,0.51,28873.3,6.42
2013-12-02,5.5,0.51,28873.3,6.45
2013-11-29,5.5,0.56,28276.4,6.51
2013-11-28,5.5,0.56,28276.4,6.5
2013-11-27,5.5,0.56,28276.4,6.36
2013-11-26,5.5,0.56,28276.4,6.47
2013-11-25,5.5,0.56,28276.4,6.41
2013-11-22,5.5,0.56,28276.4,6.25
2013-11-21,5.5,0.56,28276.4,6.14
2013-11-20,5.5,0.56,28276.4,6.01
2013-11-19,5.5,0.56,28276.4,6.01
2013-11-18,5.5,0.56,28276.4,6.03
2013-11-15,5.5,0.56,28276.4,5.97
2013-11-14,5.5,0.56,28276.4,6
2013-11-13,5.5,0.56,28276.4,5.9
2013-11-12,5.5,0.56,28276.4,5.83
2013-11-11,5.5,0.56,28276.4,5.51
2013-11-08,5.5,0.56,28276.4,5.36
2013-11-07,5.5,0.56,28276.4,6.24
2013-11-06,5.5,0.56,28276.4,6.28
2013-11-05,5.5,0.56,28276.4,6.25
2013-11-01,5.5,0.56,28276.4,6.26
2013-10-31,5.5,0.57,28352.6,6.34
2013-10-30,5.5,0.57,28352.6,6.37
2013-10-29,5.5,0.57,28352.6,6.37
2013-10-28,5.5,0.57,28352.6,6.46
2013-10-25,5.5,0.57,28352.6,6.23
2013-10-24,5.5,0.57,28352.6,6
2013-10-23,5.5,0.57,28352.6,5.99
2013-10-22,5.5,0.57,28352.6,6.13
2013-10-21,5.5,0.57,28352.6,6.1
2013-10-18,5.5,0.57,28352.6,5.98
2013-10-17,5.5,0.57,28352.6,6.04
2013-10-16,5.5,0.57,28352.6,6.11
2013-10-15,5.5,0.57,28352.6,6.17
2013-10-14,5.5,0.57,28352.6,6.36
2013-10-11,5.5,0.57,28352.6,6.14
2013-10-10,5.5,0.57,28352.6,6.04
2013-10-09,5.5,0.57,28352.6,5.98
2013-10-08,5.5,0.57,28352.6,4.74
2013-10-07,5.5,0.57,28352.6,4.71
2013-10-04,5.5,0.57,28352.6,5.36
2013-10-03,5.5,0.57,28352.6,5.83
2013-10-02,5.5,0.57,28352.6,5.85
2013-10-01,5.5,0.57,28352.6,6.23
2013-09-30,5.5,0.21,28499.9,6.53
2013-09-27,5.5,0.21,28499.9,6.48
2013-09-26,5.5,0.21,28499.9,6.48
2013-09-25,5.5,0.21,28499.9,6.45
2013-09-24,5.5,0.21,28499.9,6.41
2013-09-23,5.5,0.21,28499.9,6.33
2013-09-20,5.5,0.21,28499.9,6.3
2013-09-19,5.5,0.21,28499.9,6.28
2013-09-18,5.5,0.21,28499.9,6.12
2013-09-17,5.5,0.21,28499.9,6.16
